date,entry_time,exit_time,strategy,symbol,trigger,entry_px,exit_px,pct,exit_reason,week
2026-07-21,13:06:17,13:40:53,AI午後引け戻り,4840,UNDER急増,579.0,591.0,2.07,利確,2026-W30
2026-07-21,14:36:35,15:30:01,AI午後引け戻り,4488,UNDER急増,2110.0,2120.0,0.47,大引け,2026-W30
2026-07-22,13:00:12,14:25:54,AI午後引け戻り,7602,UNDER急増,167.0,163.0,-2.4,損切り,2026-W30
2026-07-22,13:07:21,15:30:00,AI午後引け戻り,4446,UNDER急増,772.0,777.0,0.65,大引け,2026-W30
2026-07-22,14:00:38,15:30:00,AI午後引け戻り,4011,UNDER急増,1973.0,1983.0,0.51,大引け,2026-W30
2026-07-22,14:09:22,15:30:00,AI午後引け戻り,6228,UNDER急増,489.0,492.0,0.61,大引け,2026-W30
2026-07-23,13:07:48,15:30:00,AI午後引け戻り,4840,UNDER急増,575.0,579.0,0.7,大引け,2026-W30
2026-07-23,13:58:49,14:22:13,AI午後引け戻り,4813,UNDER急増,336.0,343.0,2.08,利確,2026-W30
2026-07-23,14:09:20,15:30:00,AI午後引け戻り,4056,UNDER急増,208.0,208.0,0.0,大引け,2026-W30
2026-07-24,13:28:38,15:30:00,AI午後引け戻り,2998,UNDER急増,501.0,497.0,-0.8,大引け,2026-W30
2026-07-24,13:40:03,15:30:00,AI午後引け戻り,4894,UNDER急増,4240.0,4195.0,-1.06,大引け,2026-W30
2026-07-24,13:43:26,15:30:00,AI午後引け戻り,5588,UNDER急増,758.0,747.0,-1.45,大引け,2026-W30
2026-07-24,14:05:30,15:30:00,AI複合シグナル,4894,小口売り連続+UNDER急増,4210.0,4195.0,-0.36,大引け,2026-W30
2026-07-27,13:18:36,15:30:00,AI午後引け戻り,6217,UNDER急増,734.0,736.0,0.27,大引け,2026-W31
2026-07-27,14:28:30,15:15:16,AI午後引け戻り,2998,UNDER急増,504.0,515.0,2.18,利確,2026-W31
2026-07-28,13:01:16,13:03:47,AI複合シグナル,9130,小口売り連続+UNDER急増,1441.0,1456.0,1.04,利確,2026-W31
2026-07-28,13:07:47,13:36:57,AI複合シグナル,6217,小口売り連続+UNDER急増,692.0,699.0,1.01,利確,2026-W31
2026-07-28,13:07:47,15:30:00,AI午後引け戻り,6217,UNDER急増,692.0,691.0,-0.14,大引け,2026-W31
2026-07-28,13:18:38,15:30:00,AI午後引け戻り,5591,UNDER急増,784.0,788.0,0.51,大引け,2026-W31
2026-07-28,13:18:38,15:30:00,AI複合シグナル,5591,小口売り連続+UNDER急増,784.0,788.0,0.51,大引け,2026-W31
2026-07-28,13:55:13,15:30:00,AI午後引け戻り,5588,UNDER急増,755.0,769.0,1.85,大引け,2026-W31
2026-07-28,14:04:56,14:27:31,AI複合シグナル,5588,小口売り連続+UNDER急増,756.0,764.0,1.06,利確,2026-W31
2026-07-28,14:13:32,15:30:00,AI午後引け戻り,4011,UNDER急増,1923.0,1921.0,-0.1,大引け,2026-W31
2026-07-28,14:13:32,15:30:00,AI複合シグナル,4011,小口売り連続+UNDER急増,1923.0,1921.0,-0.1,大引け,2026-W31
2026-07-28,14:43:54,15:30:01,AI午後引け戻り,7794,UNDER急増,890.0,888.0,-0.22,大引け,2026-W31
2026-07-29,13:02:42,14:30:07,AI午後引け戻り,5588,UNDER急増,760.0,776.0,2.11,利確,2026-W31
2026-07-29,13:03:05,15:09:36,AI午後引け戻り,9130,UNDER急増,1415.0,1381.0,-2.4,損切り,2026-W31
2026-07-29,13:08:21,13:40:17,AI複合シグナル,4395,小口売り連続+UNDER急増,693.0,686.0,-1.01,損切り,2026-W31
2026-07-29,13:14:27,15:30:01,AI午後引け戻り,4575,UNDER急増,673.0,681.0,1.19,大引け,2026-W31
2026-07-29,13:23:09,15:30:00,AI午後引け戻り,4395,UNDER急増,691.0,697.0,0.87,大引け,2026-W31
2026-07-29,13:23:51,15:25:01,AI午後引け戻り,5026,UNDER急増,552.0,569.0,3.08,利確,2026-W31
2026-07-29,13:25:15,14:50:47,AI午後引け戻り,4840,UNDER急増,502.0,514.0,2.39,利確,2026-W31
2026-07-29,13:29:54,15:30:00,AI午後引け戻り,5599,UNDER急増,1054.0,1053.0,-0.09,大引け,2026-W31
2026-07-29,13:34:44,15:30:00,AI午後引け戻り,6620,UNDER急増,633.0,637.0,0.63,大引け,2026-W31
2026-07-30,13:01:17,13:08:38,AI複合シグナル,9227,小口売り連続+UNDER急増,867.0,876.0,1.04,利確,2026-W31
2026-07-30,13:04:56,13:21:25,AI午後引け戻り,9227,UNDER急増,870.0,888.0,2.07,利確,2026-W31
2026-07-30,13:41:33,13:49:00,AI複合シグナル,9256,小口売り連続+UNDER急増,1346.0,1331.0,-1.11,損切り,2026-W31
2026-07-30,13:41:33,14:03:39,AI午後引け戻り,9256,UNDER急増,1346.0,1373.0,2.01,利確,2026-W31
2026-07-31,13:17:39,15:30:00,AI午後引け戻り,9130,UNDER急増,1412.0,1415.0,0.21,大引け,2026-W31
2026-07-31,14:46:20,15:23:34,AI午後引け戻り,4840,UNDER急増,515.0,532.0,3.3,利確,2026-W31
2026-08-03,09:06:28,09:07:13,AI投げ売り反発,1514,投げ売り,601.0,594.0,-1.16,損切り,2026-W32
2026-08-03,13:03:08,15:30:00,AI午後引け戻り,9130,UNDER急増,1455.0,1462.0,0.48,大引け,2026-W32
2026-08-03,13:05:09,13:07:45,AI複合シグナル,9256,小口売り連続+UNDER急増,1272.0,1287.0,1.18,利確,2026-W32
2026-08-03,13:47:39,15:30:00,AI午後引け戻り,4446,UNDER急増,792.0,804.0,1.52,大引け,2026-W32
2026-08-04,09:00:20,09:12:00,AI投げ売り反発,4813,投げ売り,346.0,353.0,2.02,利確,2026-W32
2026-08-04,13:48:25,15:30:01,AI午後引け戻り,9235,UNDER急増,500.0,505.0,1.0,大引け,2026-W32
2026-08-05,13:41:24,14:07:25,AI複合シグナル,9130,小口売り連続+UNDER急増,1497.0,1481.0,-1.07,損切り,2026-W32
2026-08-05,13:41:24,15:16:32,AI午後引け戻り,9130,UNDER急増,1497.0,1467.0,-2.0,損切り,2026-W32
2026-08-05,14:52:38,15:30:01,AI午後引け戻り,6433,UNDER急増,960.0,964.0,0.42,大引け,2026-W32
2026-08-06,09:03:23,09:08:25,AI投げ売り反発,9256,投げ売り,1320.0,1347.0,2.05,利確,2026-W32
2026-08-06,13:01:34,15:30:00,AI午後引け戻り,3444,UNDER急増,974.0,977.0,0.31,大引け,2026-W32
2026-08-06,13:01:54,15:30:01,AI午後引け戻り,9130,UNDER急増,1444.0,1439.0,-0.35,大引け,2026-W32
2026-08-06,13:04:05,13:53:15,AI複合シグナル,9235,小口売り連続+UNDER急増,495.0,500.0,1.01,利確,2026-W32
2026-08-06,13:06:59,15:30:00,AI午後引け戻り,5132,UNDER急増,1864.0,1885.0,1.13,大引け,2026-W32
2026-08-06,13:46:06,15:30:00,AI午後引け戻り,4395,UNDER急増,698.0,700.0,0.29,大引け,2026-W32
2026-08-06,13:49:26,15:30:00,AI午後引け戻り,7794,UNDER急増,873.0,874.0,0.11,大引け,2026-W32
2026-08-06,13:49:26,15:30:00,AI複合シグナル,7794,小口売り連続+UNDER急増,873.0,874.0,0.11,大引け,2026-W32
2026-08-06,14:01:15,15:30:00,AI午後引け戻り,5707,UNDER急増,944.0,952.0,0.85,大引け,2026-W32
2026-08-06,14:23:33,15:30:01,AI投げ売り反発,5817,投げ売り,999.0,1010.0,1.1,大引け,2026-W32
2026-08-06,14:24:17,15:30:01,AI午後引け戻り,5817,UNDER急増,1000.0,1010.0,1.0,大引け,2026-W32
2026-08-07,13:19:30,13:24:33,AI午後引け戻り,6433,UNDER急増,993.0,1016.0,2.32,利確,2026-W32
2026-08-07,14:02:50,14:20:07,AI午後引け戻り,6620,UNDER急増,651.0,665.0,2.15,利確,2026-W32
2026-08-07,14:24:54,15:30:00,AI午後引け戻り,5026,UNDER急増,563.0,561.0,-0.36,大引け,2026-W32
2026-08-07,14:47:01,15:30:00,AI複合シグナル,5026,小口売り連続+UNDER急増,562.0,561.0,-0.18,大引け,2026-W32
2026-08-10,13:14:17,15:30:00,AI午後引け戻り,4570,UNDER急増,998.0,998.0,0.0,大引け,2026-W33
2026-08-10,13:59:53,15:30:00,AI午後引け戻り,3444,UNDER急増,987.0,990.0,0.3,大引け,2026-W33
2026-08-12,09:09:19,09:17:43,AI投げ売り反発,4263,投げ売り,522.0,533.0,2.11,利確,2026-W33
2026-08-13,09:18:44,09:47:27,AI投げ売り反発,4570,投げ売り,988.0,1008.0,2.02,利確,2026-W33
2026-08-13,13:17:11,15:25:00,AI午後引け戻り,4811,UNDER急増,814.0,833.0,2.33,利確,2026-W33
2026-08-13,14:17:22,15:30:02,AI午後引け戻り,5729,UNDER急増,1737.0,1746.0,0.52,大引け,2026-W33
2026-08-13,14:17:23,15:30:02,AI午後引け戻り,5817,UNDER急増,1013.0,1015.0,0.2,大引け,2026-W33
2026-08-13,14:17:31,15:30:00,AI午後引け戻り,4011,UNDER急増,2099.0,2100.0,0.05,大引け,2026-W33
2026-08-13,14:17:33,15:30:00,AI午後引け戻り,5026,UNDER急増,576.0,576.0,0.0,大引け,2026-W33
2026-08-13,14:17:37,15:22:44,AI複合シグナル,2998,小口売り連続+UNDER急増,494.0,499.0,1.01,利確,2026-W33
2026-08-13,14:17:39,15:30:00,AI午後引け戻り,6217,UNDER急増,801.0,802.0,0.12,大引け,2026-W33
2026-08-13,14:17:43,15:30:00,AI午後引け戻り,4013,UNDER急増,672.0,670.0,-0.3,大引け,2026-W33
2026-08-13,14:18:29,15:30:00,AI午後引け戻り,4579,UNDER急増,515.0,515.0,0.0,大引け,2026-W33
2026-08-13,14:19:11,15:30:00,AI午後引け戻り,9556,UNDER急増,1975.0,1976.0,0.05,大引け,2026-W33
2026-08-13,14:20:26,15:30:01,AI午後引け戻り,4412,UNDER急増,1160.0,1165.0,0.43,大引け,2026-W33
2026-08-13,14:22:14,15:30:01,AI午後引け戻り,4446,UNDER急増,805.0,806.0,0.12,大引け,2026-W33
2026-08-14,13:30:42,15:30:00,AI午後引け戻り,4579,UNDER急増,512.0,514.0,0.39,大引け,2026-W33
2026-08-14,13:48:32,14:00:21,AI午後引け戻り,9145,UNDER急増,567.0,555.0,-2.12,損切り,2026-W33
2026-08-17,09:03:32,09:07:19,AI投げ売り反発,1885,投げ売り,2178.0,2222.0,2.02,利確,2026-W34
2026-08-17,09:03:32,09:12:54,AI投げ売り反発(幅広),1885,投げ売り,2178.0,2244.0,3.03,利確,2026-W34
2026-08-17,09:15:15,09:19:33,AI投げ売り反発,6433,投げ売り,997.0,1018.0,2.11,利確,2026-W34
2026-08-17,09:15:15,09:28:47,AI投げ売り反発(幅広),6433,投げ売り,997.0,1027.0,3.01,利確,2026-W34
2026-08-18,13:15:16,15:30:00,AI午後引け戻り,5132,UNDER急増,1996.0,1996.0,0.0,大引け,2026-W34
2026-08-18,13:22:17,14:36:24,AI投げ売り反発,4570,投げ売り,1044.0,1029.0,-1.44,損切り,2026-W34
2026-08-18,13:22:17,15:30:00,AI投げ売り反発(幅広),4570,投げ売り,1044.0,1036.0,-0.77,大引け,2026-W34
2026-08-18,14:18:24,14:54:12,AI午後引け戻り,4199,UNDER急増,800.0,819.0,2.38,利確,2026-W34
2026-08-18,14:18:24,14:54:12,AI午後引け戻り(順位優先),4199,UNDER急増,800.0,819.0,2.38,利確,2026-W34
2026-08-18,14:25:53,15:30:00,AI午後引け戻り,2998,UNDER急増,515.0,518.0,0.58,大引け,2026-W34
2026-08-18,14:25:53,15:30:00,AI午後引け戻り(順位優先),2998,UNDER急増,515.0,518.0,0.58,大引け,2026-W34
2026-08-18,14:41:42,15:30:00,AI午後引け戻り(順位優先),5132,UNDER急増,1983.0,1996.0,0.66,大引け,2026-W34
2026-08-18,14:48:52,15:30:00,AI午後引け戻り,4894,UNDER急増,5150.0,5140.0,-0.19,大引け,2026-W34
2026-08-18,14:48:52,15:30:00,AI午後引け戻り(順位優先),4894,UNDER急増,5150.0,5140.0,-0.19,大引け,2026-W34
2026-08-19,11:20:10,13:55:16,AI投げ売り反発,1885,投げ売り,1999.0,1979.0,-1.0,損切り,2026-W34
2026-08-19,11:20:10,15:30:00,AI投げ売り反発(幅広),1885,投げ売り,1999.0,1998.0,-0.05,大引け,2026-W34
2026-08-19,13:04:18,15:30:00,AI午後引け戻り,6620,UNDER急増,699.0,699.0,0.0,大引け,2026-W34
2026-08-19,13:33:24,15:30:00,AI午後引け戻り,5599,UNDER急増,974.0,978.0,0.41,大引け,2026-W34
2026-08-19,13:41:36,15:30:01,AI午後引け戻り,6580,UNDER急増,843.0,849.0,0.71,大引け,2026-W34
2026-08-19,13:42:19,15:21:19,AI午後引け戻り,2998,UNDER急増,500.0,510.0,2.0,利確,2026-W34
2026-08-19,13:53:12,15:30:00,AI午後引け戻り,4570,UNDER急増,999.0,1000.0,0.1,大引け,2026-W34
2026-08-19,13:56:32,15:30:00,AI午後引け戻り,1885,UNDER急増,1980.0,1998.0,0.91,大引け,2026-W34
2026-08-19,13:56:32,15:30:00,AI複合シグナル,1885,小口売り連続+UNDER急増,1980.0,1998.0,0.91,大引け,2026-W34
2026-08-19,14:00:09,15:30:00,AI午後引け戻り(順位優先),4570,UNDER急増,1001.0,1000.0,-0.1,大引け,2026-W34
2026-08-19,14:44:07,15:30:00,AI午後引け戻り(順位優先),1885,UNDER急増,1981.0,1998.0,0.86,大引け,2026-W34
2026-08-19,14:47:07,15:30:01,AI午後引け戻り(順位優先),6580,UNDER急増,834.0,849.0,1.8,大引け,2026-W34
2026-08-19,14:48:41,15:18:00,AI複合シグナル,6433,小口売り連続+UNDER急増,997.0,987.0,-1.0,損切り,2026-W34
2026-08-19,14:48:41,15:30:01,AI午後引け戻り,6433,UNDER急増,997.0,992.0,-0.5,大引け,2026-W34
2026-08-19,14:48:41,15:30:01,AI午後引け戻り(順位優先),6433,UNDER急増,997.0,992.0,-0.5,大引け,2026-W34
2026-08-20,11:18:50,13:10:17,AI投げ売り反発,4579,投げ売り,579.0,573.0,-1.04,損切り,2026-W34
2026-08-20,11:18:50,15:30:00,AI投げ売り反発(幅広),4579,投げ売り,579.0,586.0,1.21,大引け,2026-W34
2026-08-20,13:20:45,15:30:00,AI午後引け戻り,4378,UNDER急増,500.0,502.0,0.4,大引け,2026-W34
2026-08-20,13:28:49,14:28:00,AI複合シグナル,9238,小口売り連続+UNDER急増,382.0,387.0,1.31,利確,2026-W34
2026-08-20,14:12:54,14:32:47,AI午後引け戻り,6217,UNDER急増,818.0,835.0,2.08,利確,2026-W34
2026-08-20,14:12:54,14:32:47,AI午後引け戻り(順位優先),6217,UNDER急増,818.0,835.0,2.08,利確,2026-W34
2026-08-21,13:00:28,15:30:01,AI午後引け戻り,5599,UNDER急増,991.0,991.0,0.0,大引け,2026-W34
2026-08-21,13:40:40,14:17:47,AI午後引け戻り,9256,UNDER急増,1120.0,1143.0,2.05,利確,2026-W34
2026-08-25,13:16:49,15:30:00,AI午後引け戻り,6580,UNDER急増,919.0,917.0,-0.22,大引け,2026-W35
2026-08-25,13:20:47,15:23:07,AI複合シグナル,3963,小口売り連続+UNDER急増,343.0,347.0,1.17,利確,2026-W35
2026-08-25,14:33:09,15:30:00,AI午後引け戻り(順位優先),6580,UNDER急増,914.0,917.0,0.33,大引け,2026-W35
2026-08-25,14:33:09,15:30:00,AI複合シグナル,6580,小口売り連続+UNDER急増,914.0,917.0,0.33,大引け,2026-W35
2026-08-26,09:58:01,15:30:00,AI買い集め追随,4013,定期買い集め,668.0,674.0,0.9,大引け,2026-W35
2026-08-26,13:00:14,13:40:25,AI午後引け戻り,4422,UNDER急増,608.0,621.0,2.14,利確,2026-W35
2026-08-26,14:05:39,15:30:00,AI午後引け戻り,4395,UNDER急増,699.0,696.0,-0.43,大引け,2026-W35
2026-08-26,14:05:39,15:30:00,AI午後引け戻り(順位優先),4395,UNDER急増,699.0,696.0,-0.43,大引け,2026-W35
2026-08-26,14:23:53,15:30:00,AI午後引け戻り,6217,UNDER急増,820.0,818.0,-0.24,大引け,2026-W35
2026-08-26,14:23:53,15:30:00,AI午後引け戻り(順位優先),6217,UNDER急増,820.0,818.0,-0.24,大引け,2026-W35
2026-08-26,14:38:48,15:06:51,AI複合シグナル,4422,小口売り連続+UNDER急増,603.0,596.0,-1.16,損切り,2026-W35
2026-08-26,14:38:48,15:30:00,AI午後引け戻り(順位優先),4422,UNDER急増,603.0,598.0,-0.83,大引け,2026-W35
2026-08-26,14:55:33,15:30:01,AI午後引け戻り,3803,UNDER急増,569.0,570.0,0.18,大引け,2026-W35
2026-08-26,14:55:33,15:30:01,AI午後引け戻り(順位優先),3803,UNDER急増,569.0,570.0,0.18,大引け,2026-W35
2026-08-26,14:56:21,15:09:56,AI複合シグナル,4889,小口売り連続+UNDER急増,1311.0,1297.0,-1.07,損切り,2026-W35
2026-08-26,14:56:21,15:30:00,AI午後引け戻り,4889,UNDER急増,1311.0,1310.0,-0.08,大引け,2026-W35
2026-08-26,14:56:21,15:30:00,AI午後引け戻り(順位優先),4889,UNDER急増,1311.0,1310.0,-0.08,大引け,2026-W35
2026-08-27,09:01:06,15:30:00,AI投げ売り反発,1885,投げ売り,2104.0,2144.0,1.9,大引け,2026-W35
2026-08-27,09:01:06,15:30:00,AI投げ売り反発(幅広),1885,投げ売り,2104.0,2144.0,1.9,大引け,2026-W35
2026-08-27,09:22:46,15:30:00,AI買い集め追随,4013,定期買い集め,667.0,665.0,-0.3,大引け,2026-W35
2026-08-27,11:29:43,15:30:01,AI投げ売り反発,4263,投げ売り,469.0,470.0,0.21,大引け,2026-W35
2026-08-27,11:29:43,15:30:01,AI投げ売り反発(幅広),4263,投げ売り,469.0,470.0,0.21,大引け,2026-W35
2026-08-27,13:00:44,15:30:00,AI午後引け戻り,6620,UNDER急増,699.0,703.0,0.57,大引け,2026-W35
2026-08-28,09:12:22,09:13:40,AI投げ売り反発,3692,投げ売り,5940.0,5880.0,-1.01,損切り,2026-W35
2026-08-28,09:12:22,09:16:10,AI投げ売り反発(幅広),3692,投げ売り,5940.0,5810.0,-2.19,損切り,2026-W35
2026-08-28,10:35:45,15:30:00,AI買い集め追随,4013,定期買い集め,680.0,675.0,-0.74,大引け,2026-W35
2026-08-28,14:47:17,15:04:09,AI午後引け戻り,4199,UNDER急増,826.0,848.0,2.66,利確,2026-W35
2026-08-28,14:47:17,15:04:09,AI午後引け戻り(順位優先),4199,UNDER急増,826.0,848.0,2.66,利確,2026-W35
2026-08-28,14:48:16,15:30:00,AI午後引け戻り,6217,UNDER急増,828.0,837.0,1.09,大引け,2026-W35
2026-08-28,14:48:16,15:30:00,AI午後引け戻り(順位優先),6217,UNDER急増,828.0,837.0,1.09,大引け,2026-W35
2026-08-31,09:00:18,09:04:55,AI投げ売り反発,4579,投げ売り,562.0,554.0,-1.42,損切り,2026-W36
2026-08-31,14:29:13,15:30:00,AI午後引け戻り,5590,UNDER急増,703.0,705.0,0.28,大引け,2026-W36
2026-08-31,14:29:13,15:30:00,AI午後引け戻り(順位優先),5590,UNDER急増,703.0,705.0,0.28,大引け,2026-W36
2026-09-01,09:06:28,09:06:36,AI投げ売り反発,4840,投げ売り,874.0,861.0,-1.49,損切り,2026-W36
2026-09-01,13:11:52,15:21:54,AI午後引け戻り,5034,UNDER急増,2326.0,2277.0,-2.11,損切り,2026-W36
2026-09-01,13:11:52,15:21:54,AI午後引け戻り(順位優先),5034,UNDER急増,2326.0,2277.0,-2.11,損切り,2026-W36
2026-09-01,13:16:42,15:30:00,AI VWAP乖離反発,5034,UNDER急増+VWAP乖離,2304.0,2284.0,-0.87,大引け,2026-W36
2026-09-01,13:42:33,15:30:00,AI午後引け戻り,4422,UNDER急増,587.0,589.0,0.34,大引け,2026-W36
2026-09-01,13:42:33,15:30:00,AI VWAP乖離反発,4422,UNDER急増+VWAP乖離,587.0,589.0,0.34,大引け,2026-W36
2026-09-01,14:10:20,15:30:00,AI午後引け戻り,4013,UNDER急増,675.0,677.0,0.3,大引け,2026-W36
2026-09-01,14:10:20,15:30:00,AI午後引け戻り(順位優先),4013,UNDER急増,675.0,677.0,0.3,大引け,2026-W36
2026-09-02,13:00:00,13:35:56,AI午後引け戻り,3803,UNDER急増,600.0,612.0,2.0,利確,2026-W36
2026-09-02,13:00:00,13:35:56,AI午後引け戻り(順位優先),3803,UNDER急増,600.0,612.0,2.0,利確,2026-W36
2026-09-02,13:00:00,13:35:56,AI VWAP乖離反発,3803,UNDER急増+VWAP乖離,600.0,612.0,2.0,利確,2026-W36
2026-09-02,13:11:34,15:30:01,AI午後引け戻り,4199,UNDER急増,821.0,815.0,-0.73,大引け,2026-W36
2026-09-02,14:38:31,14:59:35,AI午後引け戻り,4075,UNDER急増,1512.0,1545.0,2.18,利確,2026-W36
2026-09-02,14:38:31,14:59:35,AI午後引け戻り(順位優先),4075,UNDER急増,1512.0,1545.0,2.18,利確,2026-W36
2026-09-02,14:38:31,14:59:35,AI VWAP乖離反発,4075,UNDER急増+VWAP乖離,1512.0,1545.0,2.18,利確,2026-W36
2026-09-03,09:11:52,09:12:44,AI投げ売り反発,4840,投げ売り,754.0,772.0,2.39,利確,2026-W36
2026-09-04,09:15:25,15:30:02,AI買い集め追随,5817,定期買い集め,1036.0,1070.0,3.28,大引け,2026-W36
2026-09-04,09:53:16,15:30:01,AI買い集め追随,4013,定期買い集め,658.0,657.0,-0.15,大引け,2026-W36
2026-09-04,14:19:22,15:30:01,AI午後引け戻り,6217,UNDER急増,776.0,776.0,0.0,大引け,2026-W36
2026-09-04,14:19:22,15:30:01,AI午後引け戻り(順位優先),6217,UNDER急増,776.0,776.0,0.0,大引け,2026-W36
2026-09-07,09:03:32,09:12:14,AI投げ売り反発,1885,投げ売り,2158.0,2135.0,-1.07,損切り,2026-W37
2026-09-07,09:20:07,15:30:00,AI買い集め追随,4570,定期買い集め,1086.0,1149.0,5.8,大引け,2026-W37
2026-09-07,10:08:10,10:35:53,AI投げ売り反発,4840,投げ売り,732.0,750.0,2.46,利確,2026-W37
2026-09-07,13:40:21,15:30:00,AI午後引け戻り,6217,UNDER急増,780.0,780.0,0.0,大引け,2026-W37
2026-09-07,13:40:21,15:30:00,AI午後引け戻り(順位優先),6217,UNDER急増,780.0,780.0,0.0,大引け,2026-W37
2026-09-08,09:00:20,09:12:32,AI投げ売り反発,5590,投げ売り,740.0,755.0,2.03,利確,2026-W37
2026-09-08,09:44:19,15:30:00,AI買い集め追随,4013,定期買い集め,652.0,650.0,-0.31,大引け,2026-W37
2026-09-08,10:05:59,10:06:15,AI投げ売り反発,4840,投げ売り,664.0,657.0,-1.05,損切り,2026-W37
2026-09-08,13:42:00,15:30:01,AI午後引け戻り,5132,UNDER急増,2142.0,2150.0,0.37,大引け,2026-W37
2026-09-08,14:15:32,15:30:00,AI午後引け戻り,3803,UNDER急増,615.0,624.0,1.46,大引け,2026-W37
2026-09-08,14:15:32,15:30:00,AI午後引け戻り(順位優先),3803,UNDER急増,615.0,624.0,1.46,大引け,2026-W37
2026-09-08,14:59:01,15:30:00,AI投げ売り反発,4263,投げ売り,408.0,409.0,0.25,大引け,2026-W37
2026-09-09,09:39:45,15:30:01,AI買い集め追随,4013,定期買い集め,642.0,635.0,-1.09,大引け,2026-W37
2026-09-09,10:54:21,15:30:00,AI買い集め追随,6580,定期買い集め,861.0,851.0,-1.16,大引け,2026-W37
2026-09-09,13:00:42,15:30:00,AI午後引け戻り,6580,UNDER急増,855.0,851.0,-0.47,大引け,2026-W37
2026-09-09,13:03:28,15:30:00,AI午後引け戻り,6217,UNDER急増,770.0,772.0,0.26,大引け,2026-W37
2026-09-09,13:03:28,15:30:00,AI午後引け戻り(順位優先),6217,UNDER急増,770.0,772.0,0.26,大引け,2026-W37
2026-09-09,13:14:31,15:30:00,AI午後引け戻り,2216,UNDER急増,1087.0,1082.0,-0.46,大引け,2026-W37
2026-09-09,13:14:31,15:30:00,AI午後引け戻り(順位優先),2216,UNDER急増,1087.0,1082.0,-0.46,大引け,2026-W37
2026-09-09,14:02:58,15:30:01,AI午後引け戻り,3803,UNDER急増,622.0,623.0,0.16,大引け,2026-W37
2026-09-09,14:02:58,15:30:01,AI午後引け戻り(順位優先),3803,UNDER急増,622.0,623.0,0.16,大引け,2026-W37
2026-09-09,14:04:04,15:30:01,AI午後引け戻り,4378,UNDER急増,528.0,526.0,-0.38,大引け,2026-W37
2026-09-09,14:04:04,15:30:01,AI午後引け戻り(順位優先),4378,UNDER急増,528.0,526.0,-0.38,大引け,2026-W37
2026-09-10,09:10:47,09:12:00,AI投げ売り反発,5287,投げ売り,1030.0,1019.0,-1.07,損切り,2026-W37
2026-09-10,09:15:55,09:16:20,AI投げ売り反発,4395,投げ売り,550.0,564.0,2.55,利確,2026-W37
2026-09-10,13:09:12,15:30:00,AI午後引け戻り,6217,UNDER急増,751.0,754.0,0.4,大引け,2026-W37
2026-09-10,13:09:12,15:30:00,AI午後引け戻り(順位優先),6217,UNDER急増,751.0,754.0,0.4,大引け,2026-W37
2026-09-10,13:35:01,15:30:00,AI午後引け戻り,5707,UNDER急増,1000.0,1006.0,0.6,大引け,2026-W37
2026-09-10,13:35:01,15:30:00,AI午後引け戻り(順位優先),5707,UNDER急増,1000.0,1006.0,0.6,大引け,2026-W37
2026-09-10,13:35:01,15:30:00,AI VWAP乖離反発,5707,UNDER急増+VWAP乖離,1000.0,1006.0,0.6,大引け,2026-W37
2026-09-10,13:40:42,15:30:00,AI午後引け戻り,3803,UNDER急増,604.0,590.0,-2.32,損切り,2026-W37
2026-09-10,13:40:42,15:30:00,AI午後引け戻り(順位優先),3803,UNDER急増,604.0,590.0,-2.32,損切り,2026-W37
2026-09-10,14:30:28,15:30:00,AI午後引け戻り,4199,UNDER急増,811.0,810.0,-0.12,大引け,2026-W37
2026-09-10,14:30:28,15:30:00,AI午後引け戻り(順位優先),4199,UNDER急増,811.0,810.0,-0.12,大引け,2026-W37
2026-09-10,14:45:38,15:30:00,AI午後引け戻り,9256,UNDER急増,996.0,995.0,-0.1,大引け,2026-W37
2026-09-10,14:45:38,15:30:00,AI午後引け戻り(順位優先),9256,UNDER急増,996.0,995.0,-0.1,大引け,2026-W37
2026-09-11,09:18:15,15:30:00,AI買い集め追随,4075,定期買い集め,1166.0,1207.0,3.52,大引け,2026-W37
2026-09-11,09:21:56,15:10:28,AI投げ売り反発,4889,投げ売り,1161.0,1149.0,-1.03,損切り,2026-W37
2026-09-11,09:25:49,09:54:04,AI投げ売り反発,4422,投げ売り,489.0,500.0,2.25,利確,2026-W37
2026-09-11,09:44:43,09:59:48,AI投げ売り反発,4570,投げ売り,1098.0,1120.0,2.0,利確,2026-W37
2026-09-11,09:51:21,15:30:00,AI買い集め追随,4013,定期買い集め,637.0,636.0,-0.16,大引け,2026-W37
2026-09-11,13:14:10,14:51:35,AI午後引け戻り,9556,UNDER急増,2060.0,2104.0,2.14,利確,2026-W37
2026-09-11,13:14:10,14:51:35,AI午後引け戻り(順位優先),9556,UNDER急増,2060.0,2104.0,2.14,利確,2026-W37
2026-09-11,13:14:10,14:51:35,AI VWAP乖離反発,9556,UNDER急増+VWAP乖離,2060.0,2104.0,2.14,利確,2026-W37
2026-09-11,13:39:23,15:30:00,AI午後引け戻り,6580,UNDER急増,863.0,865.0,0.23,大引け,2026-W37
2026-09-11,13:39:23,15:30:00,AI VWAP乖離反発,6580,UNDER急増+VWAP乖離,863.0,865.0,0.23,大引け,2026-W37
2026-09-11,14:47:05,15:30:00,AI午後引け戻り,5599,UNDER急増,1000.0,988.0,-1.2,大引け,2026-W37
2026-09-11,14:47:05,15:30:00,AI午後引け戻り(順位優先),5599,UNDER急増,1000.0,988.0,-1.2,大引け,2026-W37
2026-09-14,09:08:43,09:46:55,ボラ高流動銘柄UNDER急増,4889,UNDER急増(流動),1157.0,1122.0,-3.03,損切り,2026-W38
2026-09-14,09:08:50,15:30:00,ボラ高流動銘柄UNDER急増,7794,UNDER急増(流動),947.0,954.0,0.74,大引け,2026-W38
2026-09-14,09:08:57,15:30:00,ボラ高流動銘柄UNDER急増,1514,UNDER急増(流動),632.0,635.0,0.47,大引け,2026-W38
2026-09-14,09:09:44,15:30:00,AI買い集め追随,2998,定期買い集め,525.0,537.0,2.29,大引け,2026-W38
2026-09-14,09:18:16,09:46:55,AI買い集め追随,4889,定期買い集め,1147.0,1123.0,-2.09,損切り,2026-W38
2026-09-14,09:46:13,12:31:14,AI買い集め追随,4418,定期買い集め,1053.0,1031.0,-2.09,損切り,2026-W38
2026-09-14,09:55:03,15:30:00,AI買い集め追随,4013,定期買い集め,634.0,644.0,1.58,大引け,2026-W38
2026-09-14,13:01:12,15:30:00,AI午後引け戻り,3803,UNDER急増,607.0,607.0,0.0,大引け,2026-W38
2026-09-14,13:01:12,15:30:00,AI午後引け戻り(順位優先),3803,UNDER急増,607.0,607.0,0.0,大引け,2026-W38
2026-09-14,13:18:36,14:08:26,AI午後引け戻り,6217,UNDER急増,730.0,745.0,2.05,利確,2026-W38
2026-09-14,13:18:36,14:08:26,AI午後引け戻り(順位優先),6217,UNDER急増,730.0,745.0,2.05,利確,2026-W38
2026-09-14,13:18:40,15:30:00,AI午後引け戻り,4414,UNDER急増,1066.0,1083.0,1.59,大引け,2026-W38
2026-09-15,09:04:09,15:30:00,ボラ高流動銘柄UNDER急増,5707,UNDER急増(流動),937.0,949.0,1.28,大引け,2026-W38
2026-09-15,09:07:18,15:30:01,AI買い集め追随,4894,定期買い集め,5700.0,5760.0,1.05,大引け,2026-W38
2026-09-15,09:15:22,09:17:48,AI投げ売り反発,3692,投げ売り,7710.0,7630.0,-1.04,損切り,2026-W38
2026-09-15,13:26:48,15:30:00,AI午後引け戻り,5729,UNDER急増,1670.0,1675.0,0.3,大引け,2026-W38
2026-09-15,13:30:49,15:30:01,AI午後引け戻り,6580,UNDER急増,861.0,875.0,1.63,大引け,2026-W38
2026-09-15,13:30:49,15:30:01,AI VWAP乖離反発,6580,UNDER急増+VWAP乖離,861.0,875.0,1.63,大引け,2026-W38
2026-09-15,14:46:35,15:30:01,AI午後引け戻り(順位優先),6580,UNDER急増,863.0,875.0,1.39,大引け,2026-W38
2026-09-16,09:01:06,15:30:00,ボラ高流動銘柄UNDER急増,7794,UNDER急増(流動),959.0,944.0,-1.56,大引け,2026-W38
2026-09-16,09:01:41,15:30:00,ボラ高流動銘柄UNDER急増,4889,UNDER急増(流動),1139.0,1139.0,0.0,大引け,2026-W38
2026-09-16,09:19:27,15:30:00,AI買い集め追随,4889,定期買い集め,1135.0,1139.0,0.35,大引け,2026-W38
2026-09-16,09:22:24,11:07:51,AI投げ売り反発,7794,投げ売り,947.0,936.0,-1.16,損切り,2026-W38
2026-09-16,09:28:32,09:28:51,AI投げ売り反発,4840,投げ売り,831.0,822.0,-1.08,損切り,2026-W38
2026-09-16,09:33:08,15:30:00,ボラ高流動銘柄UNDER急増,9556,UNDER急増(流動),2181.0,2169.0,-0.55,大引け,2026-W38
2026-09-16,11:18:56,15:30:00,ボラ高流動銘柄UNDER急増,5707,UNDER急増(流動),946.0,983.0,3.91,大引け,2026-W38
2026-09-17,09:06:13,15:30:00,ボラ高流動銘柄UNDER急増,5707,UNDER急増(流動),972.0,964.0,-0.82,大引け,2026-W38
2026-09-17,09:41:49,15:30:00,AI買い集め追随,4013,定期買い集め,641.0,647.0,0.94,大引け,2026-W38
2026-09-17,10:03:40,15:30:00,ボラ高流動銘柄UNDER急増,4889,UNDER急増(流動),1161.0,1151.0,-0.86,大引け,2026-W38
2026-09-17,13:37:12,15:30:00,AI午後引け戻り,6580,UNDER急増,862.0,861.0,-0.12,大引け,2026-W38
2026-09-17,13:37:12,15:30:00,AI VWAP乖離反発,6580,UNDER急増+VWAP乖離,862.0,861.0,-0.12,大引け,2026-W38
2026-09-17,13:37:33,15:30:00,AI午後引け戻り,4570,UNDER急増,1151.0,1145.0,-0.52,大引け,2026-W38
2026-09-17,13:37:33,15:30:00,AI VWAP乖離反発,4570,UNDER急増+VWAP乖離,1151.0,1145.0,-0.52,大引け,2026-W38
2026-09-24,09:01:28,14:20:34,ボラ高流動銘柄UNDER急増,5707,UNDER急増(流動),964.0,935.0,-3.01,損切り,2026-W39
2026-09-24,09:01:53,15:30:01,ボラ高流動銘柄UNDER急増,9556,UNDER急増(流動),2390.0,2440.0,2.09,大引け,2026-W39
2026-09-24,09:06:01,15:30:00,ボラ高流動銘柄UNDER急増,4889,UNDER急増(流動),1189.0,1173.0,-1.35,大引け,2026-W39
2026-09-24,09:10:47,09:34:11,AI投げ売り反発,4570,投げ売り,1180.0,1205.0,2.12,利確,2026-W39
2026-09-24,09:40:21,12:30:19,AI投げ売り反発,1885,投げ売り,2200.0,2178.0,-1.0,損切り,2026-W39
2026-09-24,10:18:55,15:30:00,AI買い集め追随,4013,定期買い集め,653.0,666.0,1.99,大引け,2026-W39
2026-09-24,13:14:33,15:30:00,AI午後引け戻り,1514,UNDER急増,639.0,641.0,0.31,大引け,2026-W39
2026-09-24,13:14:33,15:30:00,AI午後引け戻り(順位優先),1514,UNDER急増,639.0,641.0,0.31,大引け,2026-W39
2026-09-24,13:14:33,15:30:00,ボラ高流動銘柄UNDER急増,1514,UNDER急増(流動),639.0,641.0,0.31,大引け,2026-W39
2026-09-25,09:17:22,12:34:41,ボラ高流動銘柄UNDER急増,9556,UNDER急増(流動),2468.0,2393.0,-3.04,損切り,2026-W39
2026-09-25,09:26:31,15:30:00,ボラ高流動銘柄UNDER急増,4889,UNDER急増(流動),1172.0,1219.0,4.01,大引け,2026-W39
2026-09-25,10:29:50,15:30:00,AI買い集め追随,4013,定期買い集め,656.0,649.0,-1.07,大引け,2026-W39
2026-09-25,12:31:40,15:30:00,ボラ高流動銘柄UNDER急増,7794,UNDER急増(流動),999.0,1000.0,0.1,大引け,2026-W39
2026-09-25,13:09:57,15:30:00,AI午後引け戻り,9556,UNDER急増,2380.0,2345.0,-1.47,大引け,2026-W39
2026-09-25,13:09:57,15:30:00,AI午後引け戻り(順位優先),9556,UNDER急増,2380.0,2345.0,-1.47,大引け,2026-W39
2026-09-25,13:09:57,15:30:00,AI VWAP乖離反発,9556,UNDER急増+VWAP乖離,2380.0,2345.0,-1.47,大引け,2026-W39
2026-09-25,13:49:52,15:30:01,AI午後引け戻り,6580,UNDER急増,861.0,862.0,0.12,大引け,2026-W39
2026-09-25,13:49:52,15:30:01,AI VWAP乖離反発,6580,UNDER急増+VWAP乖離,861.0,862.0,0.12,大引け,2026-W39
2026-09-25,13:57:39,15:30:00,AI午後引け戻り,7794,UNDER急増,1000.0,1000.0,0.0,大引け,2026-W39
2026-09-25,13:57:39,15:30:00,AI午後引け戻り(順位優先),7794,UNDER急増,1000.0,1000.0,0.0,大引け,2026-W39
2026-09-25,14:56:51,15:30:00,AI午後引け戻り,6620,UNDER急増,670.0,672.0,0.3,大引け,2026-W39
2026-09-25,14:56:51,15:30:00,AI午後引け戻り(順位優先),6620,UNDER急増,670.0,672.0,0.3,大引け,2026-W39
