date,time,strategy,symbol,price,under_before,under_after,under_inc,under_pct,consecutive
2026-07-13,09:00:02,投げ売り/買い気配へぶつけ,4813,338.0,,,,,
2026-07-13,09:00:46,小口売り連続/WATCH,3692,5230.0,,,,,5
2026-07-13,09:01:01,UNDER急増,5137,225.0,83500,201200,117700,141.0,
2026-07-13,09:01:03,UNDER急増,7018,10150.0,11700,14100,2400,20.5,
2026-07-13,09:01:12,UNDER急増,9130,1506.0,18900,27400,8500,45.0,
2026-07-13,09:01:17,UNDER急増,4840,657.0,5900,7200,1300,22.0,
2026-07-13,09:01:25,UNDER急増,3692,5210.0,23500,28400,4900,20.9,
2026-07-13,09:01:29,UNDER急増,5132,1971.0,13400,19000,5600,41.8,
2026-07-13,09:01:33,UNDER急増,5817,850.0,46600,59500,12900,27.7,
2026-07-13,09:01:42,UNDER急増,5724,2470.0,24900,31400,6500,26.1,
2026-07-13,09:01:44,UNDER急増,6620,746.0,76900,94700,17800,23.1,
2026-07-13,09:01:45,UNDER急増,4165,549.0,139000,194300,55300,39.8,
2026-07-13,09:02:07,UNDER急増,5588,750.0,11500,23900,12400,107.8,
2026-07-13,09:02:25,UNDER急増,4075,906.0,7400,10200,2800,37.8,
2026-07-13,09:02:30,UNDER急増,3692,5250.0,24300,29200,4900,20.2,
2026-07-13,09:02:36,UNDER急増,5817,856.0,45700,58600,12900,28.2,
2026-07-13,09:02:53,UNDER急増,5591,849.0,10300,27100,16800,163.1,
2026-07-13,09:03:39,UNDER急増,9115,818.0,9100,21600,12500,137.4,
2026-07-13,09:03:41,UNDER急増,9130,1520.0,21800,30300,8500,39.0,
2026-07-13,09:06:43,UNDER急増,4446,870.0,53300,69100,15800,29.6,
2026-07-13,09:07:00,UNDER急増,5132,1983.0,20200,25200,5000,24.8,
2026-07-13,09:08:46,UNDER急増,4075,909.0,10300,19400,9100,88.3,
2026-07-13,09:09:45,UNDER急増,4446,873.0,59600,74400,14800,24.8,
2026-07-13,09:11:11,UNDER急増,4075,910.0,9600,19400,9800,102.1,
2026-07-13,09:12:32,小口売り連続/WATCH,5588,751.0,,,,,5
2026-07-13,09:12:34,UNDER急増,5707,829.0,83200,114300,31100,37.4,
2026-07-13,09:12:47,UNDER急増,4488,2092.0,12400,17300,4900,39.5,
2026-07-13,09:13:11,小口売り連続/WATCH,4894,4760.0,,,,,5
2026-07-13,09:15:20,小口売り連続/WATCH,4575,773.0,,,,,5
2026-07-13,09:18:35,小口売り連続/WATCH,7602,160.0,,,,,5
2026-07-13,09:24:21,UNDER急増,5892,2075.0,24300,30300,6000,24.7,
2026-07-13,09:24:22,UNDER急増,5132,1990.0,20300,25900,5600,27.6,
2026-07-13,09:25:24,UNDER急増,5892,2075.0,25100,31100,6000,23.9,
2026-07-13,09:31:53,UNDER急増,4011,2123.0,23800,29800,6000,25.2,
2026-07-13,09:33:26,UNDER急増,4075,914.0,11700,21200,9500,81.2,
2026-07-13,09:35:45,小口売り連続/WATCH,4446,850.0,,,,,5
2026-07-13,09:39:12,UNDER急増,9130,1494.0,17700,26200,8500,48.0,
2026-07-13,09:40:52,UNDER急増,9130,1485.0,16600,24400,7800,47.0,
2026-07-13,09:43:19,小口売り連続/WATCH,4575,764.0,,,,,5
2026-07-13,09:43:23,UNDER急増,4011,2090.0,21500,27500,6000,27.9,
2026-07-13,09:43:49,小口売り連続/WATCH,3686,74.0,,,,,5
2026-07-13,09:49:18,小口売り連続/STRONG,3686,74.0,,,,,10
2026-07-13,09:51:46,小口売り連続/WATCH,4446,871.0,,,,,5
2026-07-13,09:55:11,UNDER急増,4075,907.0,11900,19500,7600,63.9,
2026-07-13,09:55:49,UNDER急増,7352,419.0,43000,94200,51200,119.1,
2026-07-13,09:57:29,小口売り連続/WATCH,4011,2086.0,,,,,5
2026-07-13,09:58:06,UNDER急増,7352,418.0,46600,94500,47900,102.8,
2026-07-13,10:03:18,UNDER急増,7352,413.0,42800,93800,51000,119.2,
2026-07-13,10:03:39,UNDER急増,3747,426.0,52400,79600,27200,51.9,
2026-07-13,10:05:13,UNDER急増,4075,903.0,8600,18800,10200,118.6,
2026-07-13,10:07:07,UNDER急増,7352,415.0,42700,90600,47900,112.2,
2026-07-13,10:08:18,UNDER急増,6228,508.0,38700,55000,16300,42.1,
2026-07-13,10:08:46,UNDER急増,4395,767.0,39600,57200,17600,44.4,
2026-07-13,10:12:11,UNDER急増,4075,903.0,8600,17400,8800,102.3,
2026-07-13,10:14:12,UNDER急増,7352,412.0,47300,97600,50300,106.3,
2026-07-13,10:15:39,小口売り連続/WATCH,4176,260.0,,,,,5
2026-07-13,10:21:27,UNDER急増,5129,254.0,43300,82000,38700,89.4,
2026-07-13,10:21:30,UNDER急増,4570,999.0,40600,56900,16300,40.1,
2026-07-13,10:22:03,UNDER急増,4446,848.0,56500,71300,14800,26.2,
2026-07-13,10:22:38,UNDER急増,4570,1000.0,39200,55300,16100,41.1,
2026-07-13,10:24:08,小口売り連続/WATCH,5597,1414.0,,,,,5
2026-07-13,10:24:56,UNDER急増,3747,423.0,47500,77600,30100,63.4,
2026-07-13,10:25:35,UNDER急増,5129,246.0,36800,75100,38300,104.1,
2026-07-13,10:26:26,小口売り連続/WATCH,3692,5320.0,,,,,5
2026-07-13,10:28:20,UNDER急増,4395,762.0,41500,59100,17600,42.4,
2026-07-13,10:31:31,UNDER急増,4075,896.0,9600,18500,8900,92.7,
2026-07-13,10:32:47,UNDER急増,4840,650.0,8300,20300,12000,144.6,
2026-07-13,10:33:33,UNDER急増,5817,855.0,34200,48600,14400,42.1,
2026-07-13,10:34:17,UNDER急増,2321,142.0,87900,189200,101300,115.2,
2026-07-13,10:40:07,UNDER急増,4570,1000.0,39900,55900,16000,40.1,
2026-07-13,10:41:08,UNDER急増,4570,995.0,38600,54600,16000,41.5,
2026-07-13,10:41:31,小口売り連続/WATCH,4075,896.0,,,,,5
2026-07-13,10:42:33,UNDER急増,4395,762.0,41700,59300,17600,42.2,
2026-07-13,10:43:12,小口売り連続/WATCH,4894,4705.0,,,,,5
2026-07-13,10:44:44,UNDER急増,9229,151.0,117500,300300,182800,155.6,
2026-07-13,10:44:46,UNDER急増,4075,895.0,9600,19200,9600,100.0,
2026-07-13,10:45:15,小口売り連続/WATCH,2998,547.0,,,,,5
2026-07-13,10:48:12,小口売り連続/WATCH,5724,2401.0,,,,,5
2026-07-13,10:48:23,UNDER急増,5591,836.0,18500,29900,11400,61.6,
2026-07-13,10:51:52,小口売り連続/WATCH,5724,2385.0,,,,,5
2026-07-13,10:51:58,UNDER急増,4395,762.0,41100,58700,17600,42.8,
2026-07-13,10:53:31,UNDER急増,4446,834.0,53600,67700,14100,26.3,
2026-07-13,11:09:35,UNDER急増,4011,2058.0,23300,29500,6200,26.6,
2026-07-13,11:11:27,UNDER急増,9115,818.0,12900,23400,10500,81.4,
2026-07-13,11:18:26,UNDER急増,5892,2047.0,26600,32600,6000,22.6,
2026-07-13,11:27:51,小口売り連続/WATCH,4165,551.0,,,,,5
2026-07-13,11:29:57,UNDER急増,9115,820.0,5200,7500,2300,44.2,
2026-07-13,12:22:34,UNDER急増,8798,133.0,30100,37400,7300,24.3,
2026-07-13,12:31:00,UNDER急増,5591,831.0,16600,28000,11400,68.7,
2026-07-13,12:31:14,UNDER急増,9130,1460.0,19000,27000,8000,42.1,
2026-07-13,12:31:17,UNDER急増,4570,991.0,38800,54800,16000,41.2,
2026-07-13,12:31:48,UNDER急増,5817,854.0,32600,46000,13400,41.1,
2026-07-13,12:36:07,UNDER急増,5817,846.0,32400,45400,13000,40.1,
2026-07-13,12:40:59,UNDER急増,4075,899.0,9300,18800,9500,102.2,
2026-07-13,12:41:47,UNDER急増,7352,405.0,35200,85500,50300,142.9,
2026-07-13,12:44:48,UNDER急増,7352,408.0,46100,94000,47900,103.9,
2026-07-13,12:53:48,小口売り連続/WATCH,7071,376.0,,,,,5
2026-07-13,13:00:29,小口売り連続/WATCH,6620,737.0,,,,,5
2026-07-13,13:01:02,小口売り連続/WATCH,4412,1228.0,,,,,5
2026-07-13,13:05:32,UNDER急増,4075,900.0,9500,18900,9400,98.9,
2026-07-13,13:22:14,UNDER急増,9115,820.0,5100,15700,10600,207.8,
2026-07-13,13:24:55,UNDER急増,4570,990.0,42000,58000,16000,38.1,
2026-07-13,13:25:03,小口売り連続/WATCH,7071,370.0,,,,,5
2026-07-13,13:31:07,小口売り連続/WATCH,4446,817.0,,,,,5
2026-07-13,13:31:30,UNDER急増,6495,132.0,50900,136700,85800,168.6,
2026-07-13,13:32:19,小口売り連続/WATCH,7071,369.0,,,,,5
2026-07-13,13:40:48,小口売り連続/WATCH,4575,759.0,,,,,5
2026-07-13,13:51:53,小口売り連続/WATCH,5588,755.0,,,,,5
2026-07-13,14:22:39,小口売り連続/WATCH,4894,4705.0,,,,,5
2026-07-13,14:23:07,小口売り連続/WATCH,4446,823.0,,,,,5
2026-07-13,14:44:37,UNDER急増,4446,815.0,45400,60200,14800,32.6,
2026-07-13,14:47:23,UNDER急増,6495,132.0,50700,132000,81300,160.4,
2026-07-13,14:48:39,UNDER急増,6495,132.0,50700,132000,81300,160.4,
2026-07-13,14:56:13,小口売り連続/WATCH,7071,371.0,,,,,5
2026-07-13,15:14:13,小口売り連続/WATCH,4446,817.0,,,,,5
2026-07-13,15:18:52,小口売り連続/WATCH,4575,758.0,,,,,5
2026-07-13,15:19:05,UNDER急増,8798,133.0,47200,57000,9800,20.8,
2026-07-13,15:20:37,小口売り連続/WATCH,6228,509.0,,,,,5
2026-07-13,15:29:57,UNDER急増,8798,132.0,30100,37400,7300,24.3,
2026-07-14,09:00:26,投げ売り/買い気配へぶつけ,4813,326.0,,,,,
2026-07-14,09:01:01,UNDER急増,9130,1450.0,18000,25800,7800,43.3,
2026-07-14,09:01:03,UNDER急増,5132,1944.0,10200,13100,2900,28.4,
2026-07-14,09:01:05,UNDER急増,4570,985.0,34300,52300,18000,52.5,
2026-07-14,09:01:05,UNDER急増,5599,1115.0,16000,24200,8200,51.2,
2026-07-14,09:01:12,UNDER急増,4165,560.0,163600,209700,46100,28.2,
2026-07-14,09:01:15,UNDER急増,2998,551.0,83600,136800,53200,63.6,
2026-07-14,09:01:16,UNDER急増,4488,2097.0,8700,11100,2400,27.6,
2026-07-14,09:01:17,UNDER急増,7352,409.0,48400,96200,47800,98.8,
2026-07-14,09:01:50,UNDER急増,4395,770.0,34700,52100,17400,50.1,
2026-07-14,09:01:53,UNDER急増,5129,261.0,46400,84900,38500,83.0,
2026-07-14,09:01:58,UNDER急増,5817,847.0,21900,34200,12300,56.2,
2026-07-14,09:02:29,UNDER急増,4446,816.0,70000,84500,14500,20.7,
2026-07-14,09:02:46,UNDER急増,6620,735.0,73700,95600,21900,29.7,
2026-07-14,09:03:06,小口売り連続/WATCH,4418,765.0,,,,,5
2026-07-14,09:03:25,UNDER急増,4488,2097.0,9400,11900,2500,26.6,
2026-07-14,09:03:47,小口売り連続/WATCH,7071,376.0,,,,,5
2026-07-14,09:04:08,UNDER急増,3747,434.0,35800,65300,29500,82.4,
2026-07-14,09:04:12,UNDER急増,7018,9750.0,9100,11500,2400,26.4,
2026-07-14,09:05:57,UNDER急増,5597,1380.0,26100,32700,6600,25.3,
2026-07-14,09:05:59,小口売り連続/WATCH,4446,808.0,,,,,5
2026-07-14,09:06:14,UNDER急増,4575,733.0,39300,50700,11400,29.0,
2026-07-14,09:06:17,UNDER急増,5132,1933.0,14200,19800,5600,39.4,
2026-07-14,09:06:17,UNDER急増,3747,430.0,37100,64200,27100,73.0,
2026-07-14,09:06:45,UNDER急増,4488,2097.0,10400,12500,2100,20.2,
2026-07-14,09:06:57,UNDER急増,5597,1386.0,27400,33900,6500,23.7,
2026-07-14,09:08:52,UNDER急増,4575,735.0,50400,62300,11900,23.6,
2026-07-14,09:09:44,UNDER急増,3747,428.0,34500,64900,30400,88.1,
2026-07-14,09:10:05,UNDER急増,4570,979.0,37300,53200,15900,42.6,
2026-07-14,09:12:20,UNDER急増,5588,738.0,15600,28300,12700,81.4,
2026-07-14,09:13:37,小口売り連続/WATCH,4575,737.0,,,,,5
2026-07-14,09:13:43,小口売り連続/WATCH,5129,265.0,,,,,5
2026-07-14,09:14:39,UNDER急増,7602,156.0,57600,70400,12800,22.2,
2026-07-14,09:14:41,UNDER急増,7018,9670.0,11000,13600,2600,23.6,
2026-07-14,09:19:02,小口売り連続/WATCH,9229,151.0,,,,,5
2026-07-14,09:20:37,小口売り連続/WATCH,4165,595.0,,,,,5
2026-07-14,09:23:16,小口売り連続/WATCH,4446,835.0,,,,,5
2026-07-14,09:23:44,UNDER急増,5724,2382.0,26200,31700,5500,21.0,
2026-07-14,09:24:10,UNDER急増,9115,829.0,11400,23900,12500,109.6,
2026-07-14,09:25:11,UNDER急増,9115,829.0,12300,22900,10600,86.2,
2026-07-14,09:25:18,小口売り連続/WATCH,7352,434.0,,,,,5
2026-07-14,09:25:58,小口売り連続/STRONG,7352,434.0,,,,,10
2026-07-14,09:26:25,UNDER急増,3747,426.0,35900,64700,28800,80.2,
2026-07-14,09:28:29,UNDER急増,7602,156.0,57700,71200,13500,23.4,
2026-07-14,09:28:58,UNDER急増,9115,829.0,12300,24000,11700,95.1,
2026-07-14,09:31:11,UNDER急増,5707,810.0,94900,126800,31900,33.6,
2026-07-14,09:36:17,UNDER急増,7071,375.0,231900,300200,68300,29.5,
2026-07-14,09:39:37,小口売り連続/WATCH,7352,431.0,,,,,5
2026-07-14,09:49:18,小口売り連続/WATCH,3692,5330.0,,,,,5
2026-07-14,10:03:18,UNDER急増,4840,641.0,6800,16700,9900,145.6,
2026-07-14,10:14:58,小口売り連続/WATCH,7071,375.0,,,,,5
2026-07-14,10:16:23,小口売り連続/WATCH,3686,72.0,,,,,5
2026-07-14,10:19:41,UNDER急増,4011,2084.0,27500,33500,6000,21.8,
2026-07-14,10:27:34,小口売り連続/WATCH,5591,830.0,,,,,5
2026-07-14,10:34:19,小口売り連続/WATCH,6620,743.0,,,,,5
2026-07-14,10:38:27,UNDER急増,3747,428.0,36800,67000,30200,82.1,
2026-07-14,10:41:32,小口売り連続/WATCH,9229,149.0,,,,,5
2026-07-14,10:44:19,小口売り連続/WATCH,7071,376.0,,,,,5
2026-07-14,10:47:29,小口売り連続/WATCH,4176,260.0,,,,,5
2026-07-14,10:54:34,UNDER急増,9327,210.0,9000,13400,4400,48.9,
2026-07-14,10:55:51,UNDER急増,9327,206.0,7300,11800,4500,61.6,
2026-07-14,10:59:17,小口売り連続/WATCH,4446,827.0,,,,,5
2026-07-14,11:06:40,小口売り連続/WATCH,4570,982.0,,,,,5
2026-07-14,11:07:38,UNDER急増,5591,825.0,15900,27100,11200,70.4,
2026-07-14,11:10:56,小口売り連続/WATCH,6228,513.0,,,,,5
2026-07-14,11:11:37,小口売り連続/WATCH,4575,751.0,,,,,5
2026-07-14,11:12:59,小口売り連続/WATCH,3686,72.0,,,,,5
2026-07-14,11:15:27,小口売り連続/WATCH,7071,373.0,,,,,5
2026-07-14,11:21:38,小口売り連続/WATCH,3747,432.0,,,,,5
2026-07-14,11:22:04,小口売り連続/STRONG,6228,511.0,,,,,10
2026-07-14,11:23:53,小口売り連続/WATCH,7071,372.0,,,,,5
2026-07-14,11:29:18,小口売り連続/WATCH,3686,72.0,,,,,5
2026-07-14,11:30:02,小口売り連続/WATCH,4446,824.0,,,,,5
2026-07-14,12:17:25,UNDER急増,4840,615.0,3900,5400,1500,38.5,
2026-07-14,12:25:37,UNDER急増,5817,842.0,14700,18100,3400,23.1,
2026-07-14,12:26:44,UNDER急増,4176,259.0,30000,39100,9100,30.3,
2026-07-14,12:28:05,UNDER急増,4840,615.0,6100,7900,1800,29.5,
2026-07-14,12:29:44,UNDER急増,6228,509.0,24700,30900,6200,25.1,
2026-07-14,12:31:00,UNDER急増,9130,1438.0,17400,25900,8500,48.9,
2026-07-14,12:32:03,UNDER急増,5599,1106.0,16100,25900,9800,60.9,
2026-07-14,12:33:08,小口売り連続/WATCH,7071,371.0,,,,,5
2026-07-14,12:45:12,UNDER急増,7602,156.0,57600,70300,12700,22.0,
2026-07-14,12:53:45,小口売り連続/WATCH,7352,443.0,,,,,5
2026-07-14,13:05:36,小口売り連続/WATCH,7071,376.0,,,,,5
2026-07-14,13:10:49,小口売り連続/WATCH,3686,72.0,,,,,5
2026-07-14,13:13:46,小口売り連続/WATCH,7071,376.0,,,,,5
2026-07-14,13:25:05,小口売り連続/WATCH,4418,852.0,,,,,5
2026-07-14,13:25:07,小口売り連続/WATCH,7071,376.0,,,,,5
2026-07-14,13:30:35,小口売り連続/WATCH,4165,603.0,,,,,5
2026-07-14,13:35:32,UNDER急増,4840,620.0,6600,17100,10500,159.1,
2026-07-14,13:37:30,小口売り連続/WATCH,4165,603.0,,,,,5
2026-07-14,14:00:53,小口売り連続/WATCH,9229,149.0,,,,,5
2026-07-14,14:03:12,小口売り連続/WATCH,7071,375.0,,,,,5
2026-07-14,14:14:26,小口売り連続/WATCH,4418,914.0,,,,,5
2026-07-14,14:17:31,小口売り連続/WATCH,3686,72.0,,,,,5
2026-07-14,14:20:35,小口売り連続/WATCH,4418,904.0,,,,,5
2026-07-14,14:28:32,小口売り連続/WATCH,4418,897.0,,,,,5
2026-07-14,14:32:32,小口売り連続/WATCH,4418,908.0,,,,,5
2026-07-14,14:36:48,小口売り連続/WATCH,3747,437.0,,,,,5
2026-07-14,14:40:39,小口売り連続/WATCH,7071,375.0,,,,,5
2026-07-14,14:56:09,小口売り連続/WATCH,3323,74.0,,,,,5
2026-07-14,14:57:07,UNDER急増,8798,130.0,45400,65400,20000,44.1,
2026-07-14,14:59:54,小口売り連続/WATCH,4446,829.0,,,,,5
2026-07-14,15:00:09,小口売り連続/WATCH,5597,1365.0,,,,,5
2026-07-14,15:01:23,小口売り連続/WATCH,3686,72.0,,,,,5
2026-07-14,15:08:49,小口売り連続/WATCH,7071,373.0,,,,,5
2026-07-14,15:09:42,小口売り連続/WATCH,4176,263.0,,,,,5
2026-07-14,15:10:15,小口売り連続/STRONG,3686,72.0,,,,,10
2026-07-14,15:12:40,小口売り連続/WATCH,7071,373.0,,,,,5
2026-07-14,15:15:51,小口売り連続/WATCH,7071,373.0,,,,,5
2026-07-14,15:16:22,小口売り連続/WATCH,6495,131.0,,,,,5
2026-07-14,15:22:34,小口売り連続/WATCH,3686,72.0,,,,,5
2026-07-14,15:23:40,小口売り連続/STRONG,3686,72.0,,,,,10
2026-07-14,15:23:52,小口売り連続/WATCH,4446,827.0,,,,,5
2026-07-14,15:24:59,小口売り連続/WATCH,2998,535.0,,,,,5
2026-07-14,15:27:08,UNDER急増,6620,721.0,45300,56200,10900,24.1,
2026-07-14,15:28:43,UNDER急増,6620,721.0,45300,56200,10900,24.1,
2026-07-15,09:01:01,UNDER急増,5724,2411.0,22800,28400,5600,24.6,
2026-07-15,09:01:02,UNDER急増,5137,225.0,93900,212300,118400,126.1,
2026-07-15,09:01:17,UNDER急増,4165,585.0,114100,158100,44000,38.6,
2026-07-15,09:01:25,UNDER急増,3747,435.0,32100,60500,28400,88.5,
2026-07-15,09:01:31,UNDER急増,9115,832.0,10600,21700,11100,104.7,
2026-07-15,09:01:35,UNDER急増,5591,835.0,16400,27400,11000,67.1,
2026-07-15,09:01:46,UNDER急増,5031,338.0,37500,94300,56800,151.5,
2026-07-15,09:01:47,UNDER急増,5597,1365.0,27700,34200,6500,23.5,
2026-07-15,09:01:58,UNDER急増,5132,1946.0,8900,18000,9100,102.2,
2026-07-15,09:02:24,UNDER急増,5892,2078.0,20400,25700,5300,26.0,
2026-07-15,09:03:01,UNDER急増,4575,755.0,68100,102300,34200,50.2,
2026-07-15,09:03:02,UNDER急増,5031,340.0,37500,94300,56800,151.5,
2026-07-15,09:03:17,UNDER急増,5132,1936.0,12400,15000,2600,21.0,
2026-07-15,09:04:01,UNDER急増,5707,850.0,100100,130400,30300,30.3,
2026-07-15,09:04:06,UNDER急増,9327,217.0,31500,37900,6400,20.3,
2026-07-15,09:05:02,UNDER急増,5707,853.0,95800,127600,31800,33.2,
2026-07-15,09:06:11,UNDER急増,4840,629.0,12300,22100,9800,79.7,
2026-07-15,09:08:25,UNDER急増,3963,345.0,20600,73000,52400,254.4,
2026-07-15,09:11:10,UNDER急増,4075,894.0,10300,18900,8600,83.5,
2026-07-15,09:11:44,UNDER急増,4840,629.0,12300,22100,9800,79.7,
2026-07-15,09:12:05,小口売り連続/WATCH,9229,151.0,,,,,5
2026-07-15,09:14:05,UNDER急増,4446,809.0,59100,73900,14800,25.0,
2026-07-15,09:14:35,小口売り連続/WATCH,4075,887.0,,,,,5
2026-07-15,09:15:14,UNDER急増,4840,629.0,12300,22100,9800,79.7,
2026-07-15,09:18:24,UNDER急増,4488,2141.0,9200,14900,5700,62.0,
2026-07-15,09:20:19,UNDER急増,4840,629.0,12300,22100,9800,79.7,
2026-07-15,09:22:32,UNDER急増,6228,520.0,35500,57700,22200,62.5,
2026-07-15,09:26:04,UNDER急増,4446,802.0,57600,75000,17400,30.2,
2026-07-15,09:27:44,小口売り連続/WATCH,5724,2418.0,,,,,5
2026-07-15,09:29:57,小口売り連続/WATCH,4894,4675.0,,,,,5
2026-07-15,09:30:53,小口売り連続/WATCH,3692,5360.0,,,,,5
2026-07-15,09:37:28,UNDER急増,2321,141.0,73100,185100,112000,153.2,
2026-07-15,09:38:34,小口売り連続/WATCH,4894,4645.0,,,,,5
2026-07-15,09:38:55,小口売り連続/WATCH,3686,72.0,,,,,5
2026-07-15,09:44:06,小口売り連続/WATCH,9130,1448.0,,,,,5
2026-07-15,09:44:47,UNDER急増,5588,751.0,11300,27700,16400,145.1,
2026-07-15,09:45:52,UNDER急増,5588,746.0,13400,26200,12800,95.5,
2026-07-15,09:49:21,小口売り連続/WATCH,3686,72.0,,,,,5
2026-07-15,09:49:53,UNDER急増,4446,795.0,51100,65900,14800,29.0,
2026-07-15,09:53:28,UNDER急増,4840,630.0,12800,22000,9200,71.9,
2026-07-15,09:57:05,小口売り連続/STRONG,3686,72.0,,,,,10
2026-07-15,10:00:11,小口売り連続/WATCH,5707,830.0,,,,,5
2026-07-15,10:05:09,小口売り連続/WATCH,5817,881.0,,,,,5
2026-07-15,10:05:17,小口売り連続/WATCH,5129,255.0,,,,,5
2026-07-15,10:10:49,小口売り連続/WATCH,4395,764.0,,,,,5
2026-07-15,10:11:07,小口売り連続/WATCH,5591,825.0,,,,,5
2026-07-15,10:18:22,小口売り連続/WATCH,4418,934.0,,,,,5
2026-07-15,10:19:52,UNDER急増,5132,1924.0,18300,23700,5400,29.5,
2026-07-15,10:21:32,UNDER急増,5591,826.0,17200,26600,9400,54.7,
2026-07-15,10:24:13,小口売り連続/WATCH,5588,746.0,,,,,5
2026-07-15,10:30:40,小口売り連続/WATCH,3686,72.0,,,,,5
2026-07-15,10:38:36,小口売り連続/WATCH,7602,164.0,,,,,5
2026-07-15,10:40:41,小口売り連続/STRONG,3686,72.0,,,,,10
2026-07-15,10:40:52,UNDER急増,3747,435.0,36800,63300,26500,72.0,
2026-07-15,10:45:39,小口売り連続/WATCH,5817,897.0,,,,,5
2026-07-15,10:57:43,UNDER急増,4165,578.0,137000,181500,44500,32.5,
2026-07-15,11:22:55,小口売り連続/WATCH,3686,72.0,,,,,5
2026-07-15,11:25:45,小口売り連続/WATCH,4418,946.0,,,,,5
2026-07-15,12:29:46,UNDER急増,3807,89.0,39000,64200,25200,64.6,
2026-07-15,12:32:34,UNDER急増,6228,516.0,32800,54900,22100,67.4,
2026-07-15,12:35:11,小口売り連続/WATCH,4418,960.0,,,,,5
2026-07-15,12:39:02,小口売り連続/WATCH,4418,961.0,,,,,5
2026-07-15,12:41:51,小口売り連続/WATCH,3686,72.0,,,,,5
2026-07-15,12:43:47,小口売り連続/WATCH,4446,808.0,,,,,5
2026-07-15,12:47:40,UNDER急増,3747,436.0,27300,59000,31700,116.1,
2026-07-15,12:49:01,小口売り連続/WATCH,4418,949.0,,,,,5
2026-07-15,12:50:25,小口売り連続/WATCH,4418,947.0,,,,,5
2026-07-15,12:52:18,小口売り連続/WATCH,4418,938.0,,,,,5
2026-07-15,12:53:32,小口売り連続/STRONG,3686,72.0,,,,,10
2026-07-15,13:11:50,小口売り連続/WATCH,7602,166.0,,,,,5
2026-07-15,13:15:32,小口売り連続/WATCH,9130,1453.0,,,,,5
2026-07-15,13:22:49,小口売り連続/WATCH,4176,274.0,,,,,5
2026-07-15,13:50:37,小口売り連続/WATCH,5132,1997.0,,,,,5
2026-07-15,14:16:15,小口売り連続/WATCH,3686,73.0,,,,,5
2026-07-15,14:23:40,小口売り連続/WATCH,4176,278.0,,,,,5
2026-07-15,14:25:14,小口売り連続/WATCH,3686,73.0,,,,,5
2026-07-15,14:34:34,小口売り連続/WATCH,3686,73.0,,,,,5
2026-07-15,14:37:04,小口売り連続/WATCH,4418,956.0,,,,,5
2026-07-15,14:46:27,小口売り連続/WATCH,2998,542.0,,,,,5
2026-07-15,14:48:59,小口売り連続/WATCH,3686,73.0,,,,,5
2026-07-15,14:57:16,小口売り連続/WATCH,4446,816.0,,,,,5
2026-07-15,15:00:04,小口売り連続/STRONG,3686,73.0,,,,,10
2026-07-15,15:13:42,小口売り連続/WATCH,7071,387.0,,,,,5
2026-07-15,15:19:46,小口売り連続/WATCH,9327,217.0,,,,,5
2026-07-15,15:21:35,小口売り連続/WATCH,3692,5620.0,,,,,5
2026-07-15,15:23:24,小口売り連続/WATCH,4570,1030.0,,,,,5
2026-07-16,09:01:30,UNDER急増,5707,838.0,106700,135400,28700,26.9,
2026-07-16,09:01:37,UNDER急増,4575,786.0,47200,80000,32800,69.5,
2026-07-16,09:01:53,UNDER急増,9327,213.0,9700,14000,4300,44.3,
2026-07-16,09:03:00,UNDER急増,5597,1431.0,25100,32700,7600,30.3,
2026-07-16,09:04:06,UNDER急増,5597,1423.0,27900,34000,6100,21.9,
2026-07-16,09:04:13,UNDER急増,6228,515.0,34700,54900,20200,58.2,
2026-07-16,09:04:57,UNDER急増,4575,777.0,38000,68800,30800,81.1,
2026-07-16,09:05:13,UNDER急増,4395,775.0,37500,53300,15800,42.1,
2026-07-16,09:06:00,UNDER急増,3747,432.0,12500,39100,26600,212.8,
2026-07-16,09:06:06,UNDER急増,9327,211.0,10600,13200,2600,24.5,
2026-07-16,09:06:07,小口売り連続/WATCH,3686,73.0,,,,,5
2026-07-16,09:06:58,UNDER急増,5597,1405.0,28400,34800,6400,22.5,
2026-07-16,09:07:01,小口売り連続/WATCH,4570,1017.0,,,,,5
2026-07-16,09:07:29,UNDER急増,5591,832.0,10700,21500,10800,100.9,
2026-07-16,09:07:33,UNDER急増,6495,126.0,39400,118400,79000,200.5,
2026-07-16,09:08:30,UNDER急増,5591,825.0,10900,22600,11700,107.3,
2026-07-16,09:08:52,UNDER急増,6495,126.0,39400,118400,79000,200.5,
2026-07-16,09:09:29,小口売り連続/WATCH,4840,665.0,,,,,5
2026-07-16,09:09:56,UNDER急増,9115,840.0,9600,20900,11300,117.7,
2026-07-16,09:11:40,UNDER急増,5591,821.0,15400,22700,7300,47.4,
2026-07-16,09:13:00,小口売り連続/WATCH,5817,1122.0,,,,,5
2026-07-16,09:14:20,UNDER急増,9327,213.0,16700,20800,4100,24.6,
2026-07-16,09:14:28,UNDER急増,4075,916.0,10700,21700,11000,102.8,
2026-07-16,09:14:33,小口売り連続/WATCH,5031,347.0,,,,,5
2026-07-16,09:16:02,UNDER急増,7352,408.0,92600,142300,49700,53.7,
2026-07-16,09:17:17,UNDER急増,7352,408.0,90000,140800,50800,56.4,
2026-07-16,09:18:26,UNDER急増,7352,403.0,89700,135500,45800,51.1,
2026-07-16,09:20:11,UNDER急増,7352,398.0,74400,131300,56900,76.5,
2026-07-16,09:20:48,小口売り連続/STRONG,3686,73.0,,,,,10
2026-07-16,09:21:41,UNDER急増,7352,392.0,76500,119500,43000,56.2,
2026-07-16,09:23:17,UNDER急増,7352,390.0,60200,118800,58600,97.3,
2026-07-16,09:25:07,UNDER急増,4075,916.0,11200,20600,9400,83.9,
2026-07-16,09:29:11,UNDER急増,4840,656.0,10100,20400,10300,102.0,
2026-07-16,09:32:32,小口売り連続/WATCH,4412,1555.0,,,,,5
2026-07-16,09:34:22,小口売り連続/WATCH,4176,276.0,,,,,5
2026-07-16,09:38:17,UNDER急増,4840,647.0,8400,19100,10700,127.4,
2026-07-16,09:41:16,UNDER急増,7352,392.0,59800,122800,63000,105.4,
2026-07-16,09:42:49,UNDER急増,4075,916.0,13200,21600,8400,63.6,
2026-07-16,09:43:48,UNDER急増,7352,388.0,57200,108600,51400,89.9,
2026-07-16,09:45:24,UNDER急増,5597,1414.0,26200,32600,6400,24.4,
2026-07-16,09:47:41,小口売り連続/WATCH,4575,762.0,,,,,5
2026-07-16,09:48:31,UNDER急増,7352,388.0,62000,112400,50400,81.3,
2026-07-16,09:51:05,小口売り連続/WATCH,5724,2421.0,,,,,5
2026-07-16,09:51:13,UNDER急増,4575,765.0,49600,83400,33800,68.1,
2026-07-16,09:53:41,UNDER急増,7352,388.0,58000,109400,51400,88.6,
2026-07-16,09:55:11,小口売り連続/WATCH,3686,73.0,,,,,5
2026-07-16,09:57:27,小口売り連続/WATCH,4412,1452.0,,,,,5
2026-07-16,09:58:04,UNDER急増,7352,386.0,53700,67600,13900,25.9,
2026-07-16,09:58:31,UNDER急増,4075,916.0,14000,22300,8300,59.3,
2026-07-16,09:59:00,小口売り連続/WATCH,4894,4610.0,,,,,5
2026-07-16,09:59:53,UNDER急増,4075,912.0,12900,21300,8400,65.1,
2026-07-16,10:00:03,UNDER急増,4488,2120.0,8000,13700,5700,71.2,
2026-07-16,10:01:05,UNDER急増,4075,912.0,12600,21000,8400,66.7,
2026-07-16,10:01:18,UNDER急増,4840,643.0,10500,20100,9600,91.4,
2026-07-16,10:02:20,UNDER急増,4575,760.0,68300,82200,13900,20.4,
2026-07-16,10:03:39,UNDER急増,4075,913.0,12900,22200,9300,72.1,
2026-07-16,10:04:00,小口売り連続/WATCH,9229,152.0,,,,,5
2026-07-16,10:04:28,小口売り連続/STRONG,3686,73.0,,,,,10
2026-07-16,10:09:25,小口売り連続/WATCH,4056,218.0,,,,,5
2026-07-16,10:13:49,小口売り連続/WATCH,5817,1062.0,,,,,5
2026-07-16,10:17:24,小口売り連続/WATCH,7352,381.0,,,,,5
2026-07-16,10:17:26,小口売り連続/WATCH,5597,1390.0,,,,,5
2026-07-16,10:18:24,UNDER急増,4570,995.0,38700,55300,16600,42.9,
2026-07-16,10:18:52,小口売り連続/WATCH,4418,985.0,,,,,5
2026-07-16,10:19:33,UNDER急増,4570,994.0,39500,55400,15900,40.3,
2026-07-16,10:23:24,小口売り連続/WATCH,3963,344.0,,,,,5
2026-07-16,10:29:05,小口売り連続/WATCH,4894,4545.0,,,,,5
2026-07-16,10:30:44,小口売り連続/WATCH,9327,207.0,,,,,5
2026-07-16,10:39:31,UNDER急増,6228,497.0,28900,49100,20200,69.9,
2026-07-16,10:40:48,小口売り連続/WATCH,5707,826.0,,,,,5
2026-07-16,10:40:50,UNDER急増,6228,497.0,28900,49100,20200,69.9,
2026-07-16,10:41:59,小口売り連続/WATCH,5817,1092.0,,,,,5
2026-07-16,10:51:23,UNDER急増,4570,996.0,40500,56400,15900,39.3,
2026-07-16,10:54:30,小口売り連続/WATCH,9115,840.0,,,,,5
2026-07-16,10:56:20,小口売り連続/WATCH,4412,1509.0,,,,,5
2026-07-16,10:57:25,小口売り連続/WATCH,3686,73.0,,,,,5
2026-07-16,10:59:03,小口売り連続/WATCH,4412,1501.0,,,,,5
2026-07-16,11:02:54,小口売り連続/WATCH,4176,275.0,,,,,5
2026-07-16,11:04:54,小口売り連続/WATCH,5817,1069.0,,,,,5
2026-07-16,11:05:48,小口売り連続/WATCH,4575,745.0,,,,,5
2026-07-16,11:06:11,UNDER急増,9115,832.0,10700,21800,11100,103.7,
2026-07-16,11:06:27,小口売り連続/STRONG,3686,73.0,,,,,10
2026-07-16,11:06:44,小口売り連続/WATCH,4412,1498.0,,,,,5
2026-07-16,11:10:11,UNDER急増,4075,915.0,13700,24500,10800,78.8,
2026-07-16,11:11:43,小口売り連続/WATCH,4418,1007.0,,,,,5
2026-07-16,11:12:57,小口売り連続/WATCH,4418,1000.0,,,,,5
2026-07-16,11:16:35,UNDER急増,4075,912.0,12800,21200,8400,65.6,
2026-07-16,11:18:36,小口売り連続/WATCH,4418,993.0,,,,,5
2026-07-16,11:18:55,UNDER急増,4075,912.0,14300,22600,8300,58.0,
2026-07-16,11:22:00,小口売り連続/WATCH,4165,600.0,,,,,5
2026-07-16,11:22:48,小口売り連続/WATCH,6620,708.0,,,,,5
2026-07-16,12:05:03,UNDER急増,6495,124.0,45600,55600,10000,21.9,
2026-07-16,12:05:05,UNDER急増,4075,912.0,5300,6400,1100,20.8,
2026-07-16,12:24:12,UNDER急増,4575,739.0,31400,38700,7300,23.2,
2026-07-16,12:26:36,UNDER急増,3807,88.0,23500,49000,25500,108.5,
2026-07-16,12:27:00,UNDER急増,5031,345.0,29900,38100,8200,27.4,
2026-07-16,12:28:00,UNDER急増,4840,647.0,9100,12700,3600,39.6,
2026-07-16,12:30:00,小口売り連続/WATCH,6228,500.0,,,,,5
2026-07-16,12:31:03,UNDER急増,5031,344.0,38100,91100,53000,139.1,
2026-07-16,12:32:00,UNDER急増,5892,2081.0,25700,31400,5700,22.2,
2026-07-16,12:34:30,小口売り連続/WATCH,9130,1432.0,,,,,5
2026-07-16,12:34:49,UNDER急増,3747,434.0,20300,45500,25200,124.1,
2026-07-16,12:35:01,小口売り連続/WATCH,5817,1071.0,,,,,5
2026-07-16,12:41:24,UNDER急増,4075,915.0,12300,22400,10100,82.1,
2026-07-16,12:43:01,小口売り連続/WATCH,4412,1484.0,,,,,5
2026-07-16,12:44:11,小口売り連続/WATCH,9327,204.0,,,,,5
2026-07-16,12:48:32,小口売り連続/WATCH,6620,702.0,,,,,5
2026-07-16,12:55:02,UNDER急増,4575,741.0,40100,75100,35000,87.3,
2026-07-16,12:55:55,小口売り連続/WATCH,4412,1463.0,,,,,5
2026-07-16,13:05:54,小口売り連続/WATCH,5817,1083.0,,,,,5
2026-07-16,13:09:11,小口売り連続/WATCH,5817,1071.0,,,,,5
2026-07-16,13:19:44,小口売り連続/WATCH,4446,805.0,,,,,5
2026-07-16,13:20:12,小口売り連続/WATCH,6620,701.0,,,,,5
2026-07-16,13:33:01,小口売り連続/WATCH,5817,1060.0,,,,,5
2026-07-16,13:34:04,小口売り連続/WATCH,5724,2408.0,,,,,5
2026-07-16,13:36:40,小口売り連続/WATCH,6620,704.0,,,,,5
2026-07-16,13:41:11,小口売り連続/WATCH,5817,1052.0,,,,,5
2026-07-16,13:47:14,小口売り連続/WATCH,4412,1422.0,,,,,5
2026-07-16,13:50:43,UNDER急増,6620,700.0,49100,61000,11900,24.2,
2026-07-16,13:58:47,小口売り連続/WATCH,4570,982.0,,,,,5
2026-07-16,14:01:22,小口売り連続/WATCH,4813,334.0,,,,,5
2026-07-16,14:02:38,小口売り連続/WATCH,4395,776.0,,,,,5
2026-07-16,14:03:43,小口売り連続/WATCH,7352,374.0,,,,,5
2026-07-16,14:05:14,小口売り連続/WATCH,3686,73.0,,,,,5
2026-07-16,14:05:17,小口売り連続/STRONG,4813,334.0,,,,,10
2026-07-16,14:05:18,UNDER急増,9115,829.0,13700,24300,10600,77.4,
2026-07-16,14:10:29,UNDER急増,9327,201.0,7800,9800,2000,25.6,
2026-07-16,14:13:11,小口売り連続/STRONG,3686,73.0,,,,,10
2026-07-16,14:21:25,UNDER急増,9327,200.0,7800,9800,2000,25.6,
2026-07-16,14:24:46,小口売り連続/WATCH,6620,705.0,,,,,5
2026-07-16,14:26:10,小口売り連続/WATCH,4840,681.0,,,,,5
2026-07-16,14:27:20,小口売り連続/STRONG,6620,705.0,,,,,10
2026-07-16,14:28:11,UNDER急増,6495,122.0,58900,74700,15800,26.8,
2026-07-16,14:41:45,小口売り連続/WATCH,5817,1048.0,,,,,5
2026-07-16,14:43:36,UNDER急増,6495,122.0,58900,74700,15800,26.8,
2026-07-16,14:45:54,小口売り連続/WATCH,3963,341.0,,,,,5
2026-07-16,14:46:35,UNDER急増,9327,201.0,13000,16000,3000,23.1,
2026-07-16,14:47:06,小口売り連続/WATCH,5817,1039.0,,,,,5
2026-07-16,14:47:12,小口売り連続/WATCH,4412,1382.0,,,,,5
2026-07-16,14:47:19,小口売り連続/WATCH,6228,497.0,,,,,5
2026-07-16,14:47:33,小口売り連続/WATCH,6620,710.0,,,,,5
2026-07-16,14:48:59,小口売り連続/STRONG,6620,710.0,,,,,10
2026-07-16,14:49:38,UNDER急増,6495,122.0,59000,74800,15800,26.8,
2026-07-16,14:50:40,小口売り連続/WATCH,5817,1040.0,,,,,5
2026-07-16,14:52:18,小口売り連続/WATCH,6620,709.0,,,,,5
2026-07-16,15:01:43,小口売り連続/WATCH,2998,532.0,,,,,5
2026-07-16,15:05:30,小口売り連続/WATCH,2998,532.0,,,,,5
2026-07-16,15:05:32,小口売り連続/WATCH,4418,951.0,,,,,5
2026-07-16,15:06:51,小口売り連続/WATCH,6620,706.0,,,,,5
2026-07-16,15:07:08,小口売り連続/WATCH,4418,948.0,,,,,5
2026-07-16,15:08:31,小口売り連続/WATCH,3692,5520.0,,,,,5
2026-07-16,15:08:41,小口売り連続/STRONG,6620,706.0,,,,,10
2026-07-16,15:10:16,小口売り連続/WATCH,3963,338.0,,,,,5
2026-07-16,15:12:07,小口売り連続/WATCH,5597,1363.0,,,,,5
2026-07-16,15:12:23,小口売り連続/WATCH,6620,706.0,,,,,5
2026-07-16,15:12:41,小口売り連続/WATCH,2998,530.0,,,,,5
2026-07-16,15:12:56,UNDER急増,6495,122.0,59000,74800,15800,26.8,
2026-07-16,15:14:21,小口売り連続/STRONG,6620,706.0,,,,,10
2026-07-16,15:14:25,小口売り連続/WATCH,4412,1353.0,,,,,5
2026-07-16,15:16:30,UNDER急増,5707,813.0,82700,114400,31700,38.3,
2026-07-16,15:17:29,小口売り連続/WATCH,6620,707.0,,,,,5
2026-07-16,15:18:12,小口売り連続/WATCH,7602,177.0,,,,,5
2026-07-16,15:18:43,小口売り連続/WATCH,9130,1441.0,,,,,5
2026-07-16,15:19:42,小口売り連続/WATCH,2998,533.0,,,,,5
2026-07-16,15:20:14,小口売り連続/WATCH,4840,653.0,,,,,5
2026-07-16,15:24:04,小口売り連続/WATCH,5707,814.0,,,,,5
2026-07-16,15:25:02,UNDER急増,4075,900.0,5100,6200,1100,21.6,
2026-07-16,15:26:49,UNDER急増,6495,122.0,34800,45900,11100,31.9,
2026-07-16,15:30:00,UNDER急増,6495,122.0,35600,46900,11300,31.7,
2026-07-17,09:01:19,UNDER急増,5132,1995.0,15500,19700,4200,27.1,
2026-07-17,09:01:31,UNDER急増,4412,1334.0,30400,37200,6800,22.4,
2026-07-17,09:01:37,UNDER急増,4165,585.0,125300,170600,45300,36.2,
2026-07-17,09:01:47,UNDER急増,4446,812.0,70300,85300,15000,21.3,
2026-07-17,09:01:58,UNDER急増,5599,1166.0,19300,27700,8400,43.5,
2026-07-17,09:02:04,UNDER急増,6228,492.0,29900,50700,20800,69.6,
2026-07-17,09:02:09,UNDER急増,4840,642.0,7200,16500,9300,129.2,
2026-07-17,09:02:35,UNDER急増,5892,2077.0,22500,30800,8300,36.9,
2026-07-17,09:02:37,UNDER急増,6620,695.0,48100,72000,23900,49.7,
2026-07-17,09:02:49,UNDER急増,4446,812.0,71500,86500,15000,21.0,
2026-07-17,09:03:02,UNDER急増,5707,792.0,70500,98400,27900,39.6,
2026-07-17,09:03:02,UNDER急増,3692,5430.0,21000,29700,8700,41.4,
2026-07-17,09:03:03,UNDER急増,5724,2302.0,16100,20700,4600,28.6,
2026-07-17,09:03:05,UNDER急増,5599,1177.0,19800,28200,8400,42.4,
2026-07-17,09:03:06,UNDER急増,9115,823.0,8700,19300,10600,121.8,
2026-07-17,09:03:14,UNDER急増,5591,816.0,9200,11300,2100,22.8,
2026-07-17,09:03:16,UNDER急増,4418,903.0,53200,79000,25800,48.5,
2026-07-17,09:03:17,UNDER急増,4165,580.0,131500,175300,43800,33.3,
2026-07-17,09:03:17,UNDER急増,9327,189.0,16500,21100,4600,27.9,
2026-07-17,09:03:26,UNDER急増,4412,1319.0,27800,34300,6500,23.4,
2026-07-17,09:04:21,UNDER急増,4840,630.0,10100,18900,8800,87.1,
2026-07-17,09:04:37,UNDER急増,3963,337.0,18300,64300,46000,251.4,
2026-07-17,09:04:58,小口売り連続/WATCH,7018,9820.0,,,,,5
2026-07-17,09:05:03,小口売り連続/WATCH,3692,5310.0,,,,,5
2026-07-17,09:05:04,UNDER急増,4011,1963.0,10400,14000,3600,34.6,
2026-07-17,09:05:13,小口売り連続/WATCH,5597,1342.0,,,,,5
2026-07-17,09:05:22,UNDER急増,6228,488.0,23900,44700,20800,87.0,
2026-07-17,09:06:02,UNDER急増,4446,810.0,69100,84100,15000,21.7,
2026-07-17,09:06:07,UNDER急増,3692,5290.0,21500,27200,5700,26.5,
2026-07-17,09:06:40,小口売り連続/WATCH,5597,1332.0,,,,,5
2026-07-17,09:07:31,UNDER急増,9130,1436.0,14100,22500,8400,59.6,
2026-07-17,09:07:47,UNDER急増,4570,960.0,29200,45300,16100,55.1,
2026-07-17,09:08:31,UNDER急増,4446,803.0,65700,80700,15000,22.8,
2026-07-17,09:08:34,小口売り連続/WATCH,9229,142.0,,,,,5
2026-07-17,09:09:21,UNDER急増,4840,625.0,8800,18600,9800,111.4,
2026-07-17,09:10:34,投げ売り/買い気配へぶつけ,7352,353.0,,,,,
2026-07-17,09:11:33,UNDER急増,6228,483.0,24700,47900,23200,93.9,
2026-07-17,09:12:36,UNDER急増,3807,86.0,38100,49900,11800,31.0,
2026-07-17,09:12:47,UNDER急増,4570,961.0,37100,53200,16100,43.4,
2026-07-17,09:15:03,UNDER急増,3807,86.0,38100,49900,11800,31.0,
2026-07-17,09:16:13,UNDER急増,5599,1160.0,20700,29300,8600,41.5,
2026-07-17,09:16:26,UNDER急増,4412,1280.0,26700,34200,7500,28.1,
2026-07-17,09:17:13,UNDER急増,3747,420.0,44800,69500,24700,55.1,
2026-07-17,09:17:17,UNDER急増,4840,619.0,9700,19400,9700,100.0,
2026-07-17,09:18:01,小口売り連続/WATCH,4412,1275.0,,,,,5
2026-07-17,09:18:08,小口売り連続/WATCH,4075,887.0,,,,,5
2026-07-17,09:22:36,UNDER急増,7071,377.0,298500,369100,70600,23.7,
2026-07-17,09:23:44,UNDER急増,4075,876.0,10300,18500,8200,79.6,
2026-07-17,09:24:35,小口売り連続/WATCH,3692,5250.0,,,,,5
2026-07-17,09:25:07,UNDER急増,4412,1275.0,25100,31900,6800,27.1,
2026-07-17,09:26:10,UNDER急増,7602,172.0,98000,181000,83000,84.7,
2026-07-17,09:27:42,小口売り連続/WATCH,5724,2265.0,,,,,5
2026-07-17,09:28:54,UNDER急増,4395,741.0,26900,43400,16500,61.3,
2026-07-17,09:29:36,UNDER急増,6228,481.0,25600,47800,22200,86.7,
2026-07-17,09:29:52,小口売り連続/WATCH,4418,923.0,,,,,5
2026-07-17,09:31:57,小口売り連続/WATCH,4894,4400.0,,,,,5
2026-07-17,09:32:07,投げ売り/買い気配へぶつけ,4395,740.0,,,,,
2026-07-17,09:33:33,UNDER急増,3807,86.0,37800,49600,11800,31.2,
2026-07-17,09:35:46,小口売り連続/WATCH,4412,1267.0,,,,,5
2026-07-17,09:35:58,小口売り連続/WATCH,4894,4400.0,,,,,5
2026-07-17,09:37:14,小口売り連続/WATCH,5817,985.0,,,,,5
2026-07-17,09:39:11,UNDER急増,4011,1969.0,20000,25500,5500,27.5,
2026-07-17,09:41:18,UNDER急増,4840,614.0,5100,16400,11300,221.6,
2026-07-17,09:47:08,小口売り連続/WATCH,5817,1011.0,,,,,5
2026-07-17,09:47:13,UNDER急増,4056,208.0,25900,33500,7600,29.3,
2026-07-17,09:47:27,UNDER急増,7602,171.0,95300,178300,83000,87.1,
2026-07-17,09:48:00,UNDER急増,4395,742.0,27900,44400,16500,59.1,
2026-07-17,09:48:03,UNDER急増,4570,953.0,32600,48200,15600,47.9,
2026-07-17,09:50:11,UNDER急増,7602,172.0,95300,178300,83000,87.1,
2026-07-17,09:51:03,小口売り連続/WATCH,7352,347.0,,,,,5
2026-07-17,09:51:47,UNDER急増,4056,207.0,26700,33700,7000,26.2,
2026-07-17,09:51:59,小口売り連続/WATCH,5132,1991.0,,,,,5
2026-07-17,09:52:16,UNDER急増,7602,172.0,96000,179000,83000,86.5,
2026-07-17,09:55:14,小口売り連続/WATCH,5817,1015.0,,,,,5
2026-07-17,09:55:56,UNDER急増,9229,138.0,86000,274500,188500,219.2,
2026-07-17,09:56:27,UNDER急増,4011,1969.0,20500,25200,4700,22.9,
2026-07-17,09:56:53,UNDER急増,4395,736.0,27700,44300,16600,59.9,
2026-07-17,10:00:39,UNDER急増,6620,681.0,55600,67100,11500,20.7,
2026-07-17,10:02:48,小口売り連続/WATCH,4894,4410.0,,,,,5
2026-07-17,10:05:07,小口売り連続/WATCH,9130,1423.0,,,,,5
2026-07-17,10:08:45,UNDER急増,6228,484.0,30500,49200,18700,61.3,
2026-07-17,10:15:28,小口売り連続/WATCH,4412,1287.0,,,,,5
2026-07-17,10:26:42,小口売り連続/STRONG,9130,1421.0,,,,,10
2026-07-17,10:33:22,UNDER急増,3747,413.0,32000,58300,26300,82.2,
2026-07-17,10:33:25,小口売り連続/WATCH,5724,2255.0,,,,,5
2026-07-17,10:35:02,小口売り連続/WATCH,4011,1952.0,,,,,5
2026-07-17,10:35:10,UNDER急増,4418,902.0,52900,77600,24700,46.7,
2026-07-17,10:36:17,UNDER急増,4418,898.0,52200,78600,26400,50.6,
2026-07-17,10:40:51,小口売り連続/WATCH,5817,1000.0,,,,,5
2026-07-17,10:44:24,小口売り連続/WATCH,5724,2240.0,,,,,5
2026-07-17,10:45:24,UNDER急増,4395,729.0,25000,41500,16500,66.0,
2026-07-17,10:47:16,小口売り連続/WATCH,5597,1319.0,,,,,5
2026-07-17,10:52:34,小口売り連続/WATCH,5031,327.0,,,,,5
2026-07-17,10:57:44,小口売り連続/STRONG,5031,326.0,,,,,10
2026-07-17,11:09:40,小口売り連続/WATCH,4575,706.0,,,,,5
2026-07-17,11:11:23,小口売り連続/WATCH,3692,5160.0,,,,,5
2026-07-17,11:11:28,小口売り連続/WATCH,5132,1940.0,,,,,5
2026-07-17,11:12:36,小口売り連続/WATCH,4412,1281.0,,,,,5
2026-07-17,11:15:32,投げ売り/買い気配へぶつけ,5707,765.0,,,,,
2026-07-17,11:16:25,UNDER急増,7018,9620.0,13500,16300,2800,20.7,
2026-07-17,11:20:56,小口売り連続/WATCH,4011,1951.0,,,,,5
2026-07-17,11:23:07,小口売り連続/WATCH,9229,139.0,,,,,5
2026-07-17,11:29:58,UNDER急増,9130,1402.0,5000,7100,2100,42.0,
2026-07-17,12:17:18,UNDER急増,4176,267.0,34100,57900,23800,69.8,
2026-07-17,12:23:00,UNDER急増,9130,1402.0,5000,7100,2100,42.0,
2026-07-17,12:25:51,UNDER急増,9229,139.0,69400,87000,17600,25.4,
2026-07-17,12:25:54,UNDER急増,3807,83.0,6200,36300,30100,485.5,
2026-07-17,12:26:17,UNDER急増,5137,219.0,62400,80000,17600,28.2,
2026-07-17,12:26:19,UNDER急増,4056,206.0,15700,20600,4900,31.2,
2026-07-17,12:26:54,UNDER急増,6228,480.0,21900,26900,5000,22.8,
2026-07-17,12:27:26,UNDER急増,6620,678.0,24400,29300,4900,20.1,
2026-07-17,12:28:55,UNDER急増,4840,618.0,6400,11500,5100,79.7,
2026-07-17,12:29:05,UNDER急増,4395,720.0,15500,18900,3400,21.9,
2026-07-17,12:29:30,UNDER急増,9229,139.0,87000,105800,18800,21.6,
2026-07-17,12:29:41,UNDER急増,5031,327.0,20600,26200,5600,27.2,
2026-07-17,12:29:48,UNDER急増,9130,1402.0,5000,7200,2200,44.0,
2026-07-17,12:30:02,小口売り連続/WATCH,3653,631.0,,,,,5
2026-07-17,12:31:02,UNDER急増,6228,480.0,30700,51500,20800,67.8,
2026-07-17,12:31:02,UNDER急増,8798,127.0,23000,43100,20100,87.4,
2026-07-17,12:32:03,UNDER急増,3747,415.0,36600,61300,24700,67.5,
2026-07-17,12:32:33,小口売り連続/WATCH,7071,373.0,,,,,5
2026-07-17,12:33:11,UNDER急増,5892,1996.0,23000,28300,5300,23.0,
2026-07-17,12:34:39,小口売り連続/WATCH,3692,5160.0,,,,,5
2026-07-17,12:37:01,UNDER急増,5031,328.0,24500,76400,51900,211.8,
2026-07-17,12:41:15,UNDER急増,4418,891.0,52500,78200,25700,49.0,
2026-07-17,12:42:16,小口売り連続/WATCH,4011,1943.0,,,,,5
2026-07-17,12:44:12,小口売り連続/WATCH,9130,1382.0,,,,,5
2026-07-17,12:44:26,小口売り連続/WATCH,5031,326.0,,,,,5
2026-07-17,12:45:05,小口売り連続/WATCH,9115,824.0,,,,,5
2026-07-17,12:45:09,UNDER急増,5892,1990.0,23100,29000,5900,25.5,
2026-07-17,12:46:14,小口売り連続/WATCH,4056,206.0,,,,,5
2026-07-17,12:51:52,小口売り連続/WATCH,5132,1925.0,,,,,5
2026-07-17,12:52:17,UNDER急増,9130,1387.0,18900,27400,8500,45.0,
2026-07-17,12:52:52,UNDER急増,7602,171.0,92600,177800,85200,92.0,
2026-07-17,12:55:31,小口売り連続/WATCH,4446,800.0,,,,,5
2026-07-17,12:56:44,UNDER急増,4418,893.0,55000,80700,25700,46.7,
2026-07-17,12:58:29,UNDER急増,5591,805.0,15000,24100,9100,60.7,
2026-07-17,13:00:04,UNDER急増,4575,700.0,34200,71300,37100,108.5,
2026-07-17,13:00:05,小口売り連続/WATCH,3692,5110.0,,,,,5
2026-07-17,13:01:16,小口売り連続/STRONG,4446,800.0,,,,,10
2026-07-17,13:02:09,小口売り連続/WATCH,5591,805.0,,,,,5
2026-07-17,13:02:42,小口売り連続/WATCH,3692,5100.0,,,,,5
2026-07-17,13:03:47,UNDER急増,9229,135.0,64300,79700,15400,24.0,
2026-07-17,13:05:23,UNDER急増,4575,699.0,31000,67700,36700,118.4,
2026-07-17,13:06:57,UNDER急増,5707,753.0,42500,76900,34400,80.9,
2026-07-17,13:08:22,UNDER急増,4575,700.0,34400,71400,37000,107.6,
2026-07-17,13:10:56,UNDER急増,4575,698.0,31300,67900,36600,116.9,
2026-07-17,13:15:34,UNDER急増,4575,702.0,35600,72600,37000,103.9,
2026-07-17,13:18:56,UNDER急増,4570,935.0,32500,48600,16100,49.5,
2026-07-17,13:19:22,UNDER急増,3747,405.0,30300,57300,27000,89.1,
2026-07-17,13:21:17,UNDER急増,5724,2220.0,23500,28800,5300,22.6,
2026-07-17,13:22:04,UNDER急増,4575,701.0,34600,71600,37000,106.9,
2026-07-17,13:23:09,UNDER急増,4575,701.0,32400,69400,37000,114.2,
2026-07-17,13:23:12,小口売り連続/WATCH,4840,605.0,,,,,5
2026-07-17,13:24:23,UNDER急増,4011,1912.0,19000,23900,4900,25.8,
2026-07-17,13:25:18,UNDER急増,4575,701.0,32100,69100,37000,115.3,
2026-07-17,13:26:22,UNDER急増,4575,699.0,31800,68500,36700,115.4,
2026-07-17,13:29:06,UNDER急増,5031,320.0,19500,72100,52600,269.7,
2026-07-17,13:29:17,UNDER急増,7018,9450.0,10700,14500,3800,35.5,
2026-07-17,13:32:17,UNDER急増,3963,329.0,14000,62600,48600,347.1,
2026-07-17,13:33:51,UNDER急増,4840,593.0,3300,13300,10000,303.0,
2026-07-17,13:34:41,小口売り連続/WATCH,4894,4300.0,,,,,5
2026-07-17,13:39:34,UNDER急増,7018,9430.0,11800,14900,3100,26.3,
2026-07-17,13:40:05,小口売り連続/WATCH,4894,4305.0,,,,,5
2026-07-17,13:41:33,小口売り連続/WATCH,6495,113.0,,,,,5
2026-07-17,13:43:33,UNDER急増,4570,929.0,28800,44100,15300,53.1,
2026-07-17,13:43:37,小口売り連続/WATCH,3692,5020.0,,,,,5
2026-07-17,13:50:30,UNDER急増,6620,662.0,42300,55800,13500,31.9,
2026-07-17,13:51:04,UNDER急増,5031,316.0,78200,128200,50000,63.9,
2026-07-17,13:52:30,小口売り連続/WATCH,4418,888.0,,,,,5
2026-07-17,14:00:23,小口売り連続/WATCH,9115,816.0,,,,,5
2026-07-17,14:07:18,小口売り連続/WATCH,5707,748.0,,,,,5
2026-07-17,14:09:22,小口売り連続/WATCH,4075,860.0,,,,,5
2026-07-17,14:13:00,UNDER急増,6620,660.0,42800,55600,12800,29.9,
2026-07-17,14:14:11,投げ売り/買い気配へぶつけ,4395,706.0,,,,,
2026-07-17,14:16:47,UNDER急増,6620,661.0,43800,56600,12800,29.2,
2026-07-17,14:18:45,小口売り連続/WATCH,5724,2210.0,,,,,5
2026-07-17,14:20:43,UNDER急増,5599,1129.0,17200,25600,8400,48.8,
2026-07-17,14:28:30,小口売り連続/WATCH,3686,70.0,,,,,5
2026-07-17,14:32:20,小口売り連続/WATCH,4840,593.0,,,,,5
2026-07-17,14:35:18,小口売り連続/WATCH,5817,977.0,,,,,5
2026-07-17,14:35:56,小口売り連続/WATCH,4840,594.0,,,,,5
2026-07-17,14:38:48,UNDER急増,4570,934.0,33400,49500,16100,48.2,
2026-07-17,14:41:14,小口売り連続/WATCH,4418,883.0,,,,,5
2026-07-17,14:47:00,小口売り連続/WATCH,5817,972.0,,,,,5
2026-07-17,14:48:33,小口売り連続/WATCH,4840,594.0,,,,,5
2026-07-17,15:23:13,小口売り連続/WATCH,3686,70.0,,,,,5
2026-07-17,15:23:37,小口売り連続/WATCH,4446,784.0,,,,,5
2026-07-17,15:24:24,小口売り連続/STRONG,3686,70.0,,,,,10
2026-07-17,15:25:01,小口売り連続/WATCH,2998,508.0,,,,,5
