date,symbol,time,level_kind,level,target,sl,entry,pct
2026-07-06,4889,14:00,前日終値,1522.0,前日終値,1.5,1523.0,-0.06565988181220783
2026-07-08,4889,09:40,前日終値,1453.0,前日終値,1.5,1456.0,-1.4999999999999902
2026-07-10,4889,10:25,前日終値,1460.0,前日終値,1.5,1462.0,2.6675786593707285
2026-07-14,4889,10:30,前日終値,1472.0,前日終値,1.5,1472.0,11.005434782608692
2026-07-16,4889,12:40,前日終値,1563.0,前日終値,1.5,1595.0,-1.5000000000000013
2026-07-22,4889,10:25,前日終値,1566.0,前日終値,1.5,1568.0,-0.1913265306122458
2026-07-23,4889,14:05,前日終値,1565.0,前日終値,1.5,1567.0,-1.02105934907466
2026-07-27,4889,10:45,前日終値,1500.0,前日終値,1.5,1503.0,1.5968063872255467
2026-07-30,4889,10:00,前日終値,1432.0,前日終値,1.5,1439.0,-1.5000000000000013
2026-08-03,4889,09:15,前日終値,1491.0,前日終値,1.5,1497.0,0.13360053440214514
2026-08-05,4889,10:20,前日終値,1522.0,前日終値,1.5,1523.0,1.1162179908076109
2026-08-06,4889,12:50,前日終値,1540.0,前日終値,1.5,1542.0,-0.45395590142671693
2026-08-10,4889,10:25,前日終値,1519.0,前日終値,1.5,1519.0,-1.5000000000000013
2026-08-13,4889,14:05,前日終値,1160.0,前日終値,1.5,1161.0,0.3445305770887197
2026-08-18,4889,14:10,前日終値,1309.0,前日終値,1.5,1313.0,-1.4999999999999902
2026-08-19,4889,09:35,前日終値,1297.0,前日終値,1.5,1317.0,-1.5000000000000124
2026-08-20,4889,11:20,前日終値,1329.0,前日終値,1.5,1333.0,2.025506376594155
2026-08-25,4889,13:05,前日終値,1332.0,前日終値,1.5,1340.0,1.4179104477611837
2026-08-26,4889,10:40,前日終値,1359.0,前日終値,1.5,1365.0,-1.4999999999999902
2026-08-27,4889,10:35,前日終値,1310.0,前日終値,1.5,1312.0,-1.5000000000000013
2026-09-04,4889,09:25,前日終値,1139.0,前日終値,1.5,1151.0,3.6490008688097264
2026-09-07,4889,09:45,前日終値,1193.0,前日終値,1.5,1197.0,-0.1670843776106934
2026-09-10,4889,13:35,前日終値,1209.0,前日終値,1.5,1214.0,0.0
2026-09-14,4889,13:25,前日終値,1149.0,前日終値,1.5,1150.0,0.9565217391304337
2026-06-26,5707,09:20,前日終値,791.0,前日終値,1.5,792.0,-1.5000000000000013
2026-06-29,5707,09:15,前日終値,796.0,前日終値,1.5,798.0,-1.5000000000000013
2026-07-03,5707,10:10,前日終値,830.0,前日終値,1.5,830.0,3.3734939759036076
2026-07-13,5707,09:20,前日終値,832.0,前日終値,1.5,835.0,-1.5000000000000013
2026-07-14,5707,14:15,前日終値,811.0,前日終値,1.5,812.0,0.9852216748768461
2026-07-29,5707,09:20,前日終値,823.0,前日終値,1.5,829.0,-1.5000000000000124
2026-08-06,5707,10:50,前日終値,964.0,前日終値,1.5,964.0,-1.5000000000000013
2026-08-07,5707,09:20,前日終値,952.0,前日終値,1.5,954.0,-1.5000000000000013
2026-08-12,5707,10:10,前日終値,1009.0,前日終値,1.5,1016.0,-1.5000000000000013
2026-08-17,5707,14:25,前日終値,1081.0,前日終値,1.5,1084.0,-0.18450184501844769
2026-08-24,5707,09:15,前日終値,1149.0,前日終値,1.5,1177.0,-1.5000000000000013
2026-08-25,5707,10:40,前日終値,1184.0,前日終値,1.5,1189.0,-1.5000000000000013
2026-08-28,5707,12:55,前日終値,1208.0,前日終値,1.5,1210.0,-1.5000000000000124
2026-09-01,5707,09:30,前日終値,1097.0,前日終値,1.5,1118.0,-1.5000000000000013
2026-09-03,5707,10:05,前日終値,1019.0,前日終値,1.5,1020.0,4.313725490196085
2026-09-07,5707,10:50,前日終値,1012.0,前日終値,1.5,1014.0,-0.09861932938856066
2026-09-14,5707,11:15,前日終値,971.0,前日終値,1.5,973.0,-1.5000000000000013
2026-09-16,5707,12:35,前日終値,949.0,前日終値,1.5,950.0,3.0526315789473735
2026-07-01,3692,10:40,前日終値,4765.0,前日終値,1.5,4755.0,0.2103049421661396
2026-07-09,3692,09:50,前日終値,5140.0,前日終値,1.5,5170.0,1.1605415860735047
2026-07-10,3692,09:40,前日終値,5230.0,前日終値,1.5,5250.0,1.7142857142857126
2026-07-13,3692,09:20,前日終値,5340.0,前日終値,1.5,5380.0,-1.5000000000000013
2026-07-14,3692,12:55,前日終値,5300.0,前日終値,1.5,5340.0,-0.3745318352059934
2026-07-15,3692,09:50,前日終値,5320.0,前日終値,1.5,5350.0,4.859813084112141
2026-07-23,3692,09:50,前日終値,4940.0,前日終値,1.5,4955.0,1.5136226034308864
2026-08-03,3692,10:50,前日終値,5200.0,前日終値,1.5,5230.0,1.1472275334607929
2026-08-04,3692,10:10,前日終値,5290.0,前日終値,1.5,5310.0,0.0
2026-08-05,3692,12:40,前日終値,5310.0,前日終値,1.5,5330.0,0.18761726078799779
2026-08-06,3692,10:50,前日終値,5340.0,前日終値,1.5,5340.0,-1.5000000000000013
2026-08-17,3692,13:30,前日終値,4730.0,前日終値,1.5,4735.0,0.10559662090812161
2026-08-25,3692,10:10,前日終値,4995.0,前日終値,1.5,5000.0,-1.5000000000000013
2026-08-26,3692,13:00,前日終値,4970.0,前日終値,1.5,4980.0,-1.3052208835341417
2026-08-31,3692,14:20,前日終値,5650.0,前日終値,1.5,5670.0,0.5291005291005346
2026-09-01,3692,10:05,前日終値,5700.0,前日終値,1.5,5710.0,0.17513134851139256
2026-09-02,3692,13:10,前日終値,5720.0,前日終値,1.5,5720.0,-0.8741258741258751
2026-09-03,3692,09:20,前日終値,5670.0,前日終値,1.5,5680.0,-1.5000000000000013
2026-09-07,3692,10:50,前日終値,6270.0,前日終値,1.5,6280.0,-0.15923566878981443
2026-09-09,3692,09:30,前日終値,6000.0,前日終値,1.5,6040.0,-1.5000000000000013
2026-09-10,3692,09:35,前日終値,5970.0,前日終値,1.5,5970.0,6.700167504187604
2026-09-16,3692,10:55,前日終値,7110.0,前日終値,1.5,7150.0,4.05594405594405
2026-09-17,3692,09:30,前日終値,7440.0,前日終値,1.5,7460.0,3.4852546916890104
2026-09-18,3692,09:20,前日終値,7720.0,前日終値,1.5,7810.0,-1.5000000000000124
2026-06-30,7794,11:00,前日終値,1163.0,前日終値,1.5,1186.0,3.7099494097807773
2026-07-01,7794,12:35,前日終値,1230.0,前日終値,1.5,1237.0,-1.5000000000000013
2026-07-02,7794,12:35,前日終値,1221.0,前日終値,1.5,1226.0,0.08156606851550396
2026-07-10,7794,13:00,前日終値,1072.0,前日終値,1.5,1080.0,-0.462962962962965
2026-07-15,7794,09:55,前日終値,1023.0,前日終値,1.5,1024.0,-1.5000000000000013
2026-07-21,7794,12:40,前日終値,909.0,前日終値,1.5,911.0,1.9758507135016368
2026-07-22,7794,09:30,前日終値,929.0,前日終値,1.5,930.0,1.1827956989247213
2026-07-23,7794,09:20,前日終値,941.0,前日終値,1.5,944.0,1.2711864406779627
2026-07-27,7794,12:45,前日終値,922.0,前日終値,1.5,923.0,1.4084507042253502
2026-07-30,7794,09:55,前日終値,835.0,前日終値,1.5,836.0,-1.4999999999999902
2026-08-03,7794,11:20,前日終値,864.0,前日終値,1.5,867.0,-1.038062283737029
2026-08-04,7794,10:45,前日終値,858.0,前日終値,1.5,863.0,2.3174971031286296
2026-08-05,7794,09:20,前日終値,883.0,前日終値,1.5,886.0,1.1286681715575675
2026-08-10,7794,09:15,前日終値,870.0,前日終値,1.5,872.0,5.275229357798161
2026-08-13,7794,10:10,前日終値,905.0,前日終値,1.5,905.0,0.9944751381215422
2026-08-17,7794,13:55,前日終値,943.0,前日終値,1.5,944.0,2.754237288135597
2026-08-18,7794,09:45,前日終値,970.0,前日終値,1.5,973.0,-1.5000000000000013
2026-08-20,7794,12:50,前日終値,935.0,前日終値,1.5,938.0,1.5991471215351716
2026-08-24,7794,10:15,前日終値,939.0,前日終値,1.5,940.0,-1.5000000000000013
2026-08-25,7794,10:05,前日終値,913.0,前日終値,1.5,913.0,9.857612267250815
2026-08-26,7794,10:05,前日終値,1003.0,前日終値,1.5,1003.0,4.187437686939188
2026-08-31,7794,14:20,前日終値,983.0,前日終値,1.5,986.0,0.20283975659229903
2026-09-03,7794,12:55,前日終値,970.0,前日終値,1.5,974.0,-0.30800821355235763
2026-09-04,7794,10:35,前日終値,971.0,前日終値,1.5,974.0,3.285420944558526
2026-09-07,7794,09:20,前日終値,1006.0,前日終値,1.5,1007.0,-1.5000000000000013
2026-06-26,9556,09:35,前日終値,1697.0,前日終値,1.5,1701.0,-0.23515579071134995
2026-07-03,9556,10:55,前日終値,1716.0,前日終値,1.5,1719.0,3.2577079697498457
2026-07-08,9556,13:00,前日終値,1887.0,前日終値,1.5,1890.0,-1.5000000000000124
2026-07-10,9556,10:25,前日終値,1743.0,前日終値,1.5,1748.0,3.0320366132723153
2026-07-13,9556,09:35,前日終値,1801.0,前日終値,1.5,1800.0,-1.5000000000000013
2026-07-14,9556,12:40,前日終値,1775.0,前日終値,1.5,1778.0,1.012373453318327
2026-07-15,9556,12:45,前日終値,1796.0,前日終値,1.5,1800.0,0.5555555555555536
2026-07-22,9556,09:25,前日終値,1848.0,前日終値,1.5,1841.0,0.3802281368821214
2026-07-27,9556,09:30,前日終値,1830.0,前日終値,1.5,1841.0,2.2270505160238985
2026-07-28,9556,09:25,前日終値,1882.0,前日終値,1.5,1886.0,0.0
2026-07-29,9556,09:25,前日終値,1886.0,前日終値,1.5,1885.0,0.05305039787797394
2026-07-30,9556,10:40,前日終値,1894.0,前日終値,1.5,1889.0,0.264690312334559
2026-08-04,9556,10:15,前日終値,2013.0,前日終値,1.5,2018.0,-0.3468780971258689
2026-08-05,9556,10:15,前日終値,2011.0,前日終値,1.5,2008.0,0.14940239043825798
2026-08-07,9556,09:40,前日終値,1925.0,前日終値,1.5,1915.0,0.5221932114882533
2026-08-12,9556,09:45,前日終値,1931.0,前日終値,1.5,1937.0,3.613835828600931
2026-08-19,9556,10:45,前日終値,2098.0,前日終値,1.5,2089.0,0.43082814743895526
2026-08-24,9556,10:10,前日終値,2242.0,前日終値,1.5,2245.0,0.35634743875279096
2026-08-25,9556,10:35,前日終値,2253.0,前日終値,1.5,2248.0,0.22241992882561235
2026-08-27,9556,09:40,前日終値,2311.0,前日終値,1.5,2342.0,0.982066609735277
2026-08-28,9556,10:35,前日終値,2365.0,前日終値,1.5,2377.0,0.16827934371055342
2026-09-01,9556,10:20,前日終値,2338.0,前日終値,1.5,2343.0,-0.2560819462227859
2026-09-03,9556,09:30,前日終値,2255.0,前日終値,1.5,2250.0,0.22222222222221255
2026-09-07,9556,14:10,前日終値,2361.0,前日終値,1.5,2370.0,1.0970464135021007
2026-06-26,1514,09:35,前日終値,525.0,前日終値,1.5,525.0,-1.5000000000000013
2026-06-30,1514,10:30,前日終値,519.0,前日終値,1.5,520.0,0.5769230769230749
2026-07-01,1514,10:50,前日終値,523.0,前日終値,1.5,524.0,0.5725190839694694
2026-07-03,1514,12:35,前日終値,542.0,前日終値,1.5,543.0,0.0
2026-07-09,1514,11:05,前日終値,558.0,前日終値,1.5,558.0,0.35842293906809264
2026-07-15,1514,11:25,前日終値,586.0,前日終値,1.5,586.0,1.0238907849829282
2026-07-23,1514,14:05,前日終値,597.0,前日終値,1.5,599.0,-0.16694490818029983
2026-07-24,1514,11:10,前日終値,598.0,前日終値,1.5,600.0,-1.5000000000000013
2026-07-27,1514,10:35,前日終値,589.0,前日終値,1.5,591.0,1.0152284263959421
2026-07-29,1514,10:35,前日終値,578.0,前日終値,1.5,579.0,-1.5000000000000124
2026-08-03,1514,12:40,前日終値,575.0,前日終値,1.5,577.0,1.3864818024263537
2026-08-06,1514,14:25,前日終値,594.0,前日終値,1.5,596.0,0.0
2026-08-07,1514,10:50,前日終値,596.0,前日終値,1.5,598.0,0.0
2026-08-10,1514,09:15,前日終値,598.0,前日終値,1.5,599.0,3.6727879799666185
2026-08-12,1514,09:30,前日終値,621.0,前日終値,1.5,622.0,-0.1607717041800627
2026-08-14,1514,09:35,前日終値,638.0,前日終値,1.5,641.0,0.9360374414976613
2026-08-17,1514,09:35,前日終値,647.0,前日終値,1.5,648.0,-1.5000000000000013
2026-08-21,1514,10:15,前日終値,675.0,前日終値,1.5,677.0,4.1358936484490405
2026-08-24,1514,10:35,前日終値,705.0,前日終値,1.5,707.0,2.2630834512022524
2026-08-26,1514,09:25,前日終値,716.0,前日終値,1.5,719.0,-1.4999999999999902
2026-09-04,1514,10:50,前日終値,669.0,前日終値,1.5,671.0,0.14903129657228842
2026-09-14,1514,09:15,前日終値,634.0,前日終値,1.5,639.0,-1.5000000000000013
2026-09-15,1514,10:15,前日終値,631.0,前日終値,1.5,631.0,1.1093502377178988
2026-09-18,1514,10:50,前日終値,645.0,前日終値,1.5,644.0,0.15527950310558758
